<fact>
  <subject>pdf-dateien</subject>
  <object></object>
  <verb>angezeigt werden</verb>
  <adverbs>_mit_dem_adobe-reader_</adverbs>
  <extra></extra>
  <questionword></questionword>
  <truth>0.500000</truth>
  <flags>00000</flags>
  <clause>
    <subject></subject>
    <object></object>
    <verb>50</verb>
    <adverbs></adverbs>
    <extra></extra>
    <questionword></questionword>
    <truth>0.500000</truth>
    <flags>00000</flags>
  </clause>
</fact>
<fact>
  <subject>der pfad</subject>
  <object>den ort einer datei</object>
  <verb>angibt</verb>
  <adverbs></adverbs>
  <extra></extra>
  <questionword></questionword>
  <truth>1.000000</truth>
  <flags>00000</flags>
</fact>
<fact>
  <subject>charles babbage</subject>
  <object>den ersten mechanischen computer</object>
  <verb>baute</verb>
  <adverbs></adverbs>
  <extra></extra>
  <questionword></questionword>
  <truth>1.000000</truth>
  <flags>00000</flags>
</fact>
<fact>
  <subject>asp</subject>
  <object>applikation service provider</object>
  <verb>bedeutet</verb>
  <adverbs></adverbs>
  <extra></extra>
  <questionword></questionword>
  <truth>1.000000</truth>
  <flags>00000</flags>
</fact>
<fact>
  <subject>bps</subject>
  <object>bits pro sekunde</object>
  <verb>bedeutet</verb>
  <adverbs></adverbs>
  <extra></extra>
  <questionword></questionword>
  <truth>1.000000</truth>
  <flags>00000</flags>
</fact>
<fact>
  <subject>copyright</subject>
  <object>urheberrecht</object>
  <verb>bedeutet</verb>
  <adverbs></adverbs>
  <extra></extra>
  <questionword></questionword>
  <truth>1.000000</truth>
  <flags>00000</flags>
</fact>
<fact>
  <subject>cpu</subject>
  <object>central processing unit</object>
  <verb>bedeutet</verb>
  <adverbs></adverbs>
  <extra></extra>
  <questionword></questionword>
  <truth>1.000000</truth>
  <flags>00000</flags>
</fact>
<fact>
  <subject>dos</subject>
  <object>disc operating system</object>
  <verb>bedeutet</verb>
  <adverbs></adverbs>
  <extra></extra>
  <questionword></questionword>
  <truth>1.000000</truth>
  <flags>00000</flags>
</fact>
<fact>
  <subject>dsl</subject>
  <object>digital subscriber line</object>
  <verb>bedeutet</verb>
  <adverbs></adverbs>
  <extra></extra>
  <questionword></questionword>
  <truth>1.000000</truth>
  <flags>00000</flags>
</fact>
<fact>
  <subject>dvd</subject>
  <object>digital versatile disc</object>
  <verb>bedeutet</verb>
  <adverbs></adverbs>
  <extra></extra>
  <questionword></questionword>
  <truth>1.000000</truth>
  <flags>00000</flags>
</fact>
<fact>
  <subject>edv</subject>
  <object>elektronische datenverarbeitung</object>
  <verb>bedeutet</verb>
  <adverbs></adverbs>
  <extra></extra>
  <questionword></questionword>
  <truth>1.000000</truth>
  <flags>00000</flags>
</fact>
<fact>
  <subject>e-mail</subject>
  <object>electronic mail</object>
  <verb>bedeutet</verb>
  <adverbs></adverbs>
  <extra></extra>
  <questionword></questionword>
  <truth>1.000000</truth>
  <flags>00000</flags>
</fact>
<fact>
  <subject>gif</subject>
  <object>graphics interchange format</object>
  <verb>bedeutet</verb>
  <adverbs></adverbs>
  <extra></extra>
  <questionword></questionword>
  <truth>1.000000</truth>
  <flags>00000</flags>
</fact>
<fact>
  <subject>html</subject>
  <object>hypertext markup language</object>
  <verb>bedeutet</verb>
  <adverbs></adverbs>
  <extra></extra>
  <questionword></questionword>
  <truth>1.000000</truth>
  <flags>00000</flags>
</fact>
<fact>
  <subject>pdf</subject>
  <object>portable document format</object>
  <verb>bedeutet</verb>
  <adverbs></adverbs>
  <extra></extra>
  <questionword></questionword>
  <truth>1.000000</truth>
  <flags>00000</flags>
</fact>
<fact>
  <subject>perl</subject>
  <object>practical extraction and reporting language</object>
  <verb>bedeutet</verb>
  <adverbs></adverbs>
  <extra></extra>
  <questionword></questionword>
  <truth>1.000000</truth>
  <flags>00000</flags>
</fact>
<fact>
  <subject>png</subject>
  <object>portable network graphics</object>
  <verb>bedeutet</verb>
  <adverbs></adverbs>
  <extra></extra>
  <questionword></questionword>
  <truth>1.000000</truth>
  <flags>00000</flags>
</fact>
<fact>
  <subject>pop</subject>
  <object>post office protocol</object>
  <verb>bedeutet</verb>
  <adverbs></adverbs>
  <extra></extra>
  <questionword></questionword>
  <truth>1.000000</truth>
  <flags>00000</flags>
</fact>
<fact>
  <subject>sms</subject>
  <object>kurznachrichtendienst</object>
  <verb>bedeutet</verb>
  <adverbs></adverbs>
  <extra></extra>
  <questionword></questionword>
  <truth>1.000000</truth>
  <flags>00000</flags>
</fact>
<fact>
  <subject>smtp</subject>
  <object>simple mail transfer protocol</object>
  <verb>bedeutet</verb>
  <adverbs></adverbs>
  <extra></extra>
  <questionword></questionword>
  <truth>1.000000</truth>
  <flags>00000</flags>
</fact>
<fact>
  <subject>vpn</subject>
  <object>virtual private network</object>
  <verb>bedeutet</verb>
  <adverbs></adverbs>
  <extra></extra>
  <questionword></questionword>
  <truth>1.000000</truth>
  <flags>00000</flags>
</fact>
<fact>
  <subject>andwendungsprogramme</subject>
  <object>als software</object>
  <verb>bezeichnet werden</verb>
  <adverbs></adverbs>
  <extra></extra>
  <questionword></questionword>
  <truth>1.000000</truth>
  <flags>00000</flags>
</fact>
<fact>
  <subject>die adresszeile</subject>
  <object>einer webseite</object>
  <verb>dient</verb>
  <adverbs>zum aufruf</adverbs>
  <extra></extra>
  <questionword></questionword>
  <truth>1.000000</truth>
  <flags>00000</flags>
</fact>
<fact>
  <subject>dvb</subject>
  <object></object>
  <verb>dient</verb>
  <adverbs>zum digitalen emfpang von tv-programmen</adverbs>
  <extra></extra>
  <questionword></questionword>
  <truth>1.000000</truth>
  <flags>00000</flags>
</fact>
<fact>
  <subject>ein banner</subject>
  <object></object>
  <verb>dient</verb>
  <adverbs>auf einer webseite zur werbung</adverbs>
  <extra></extra>
  <questionword></questionword>
  <truth>1.000000</truth>
  <flags>00000</flags>
</fact>
<fact>
  <subject>eine programmiersprache</subject>
  <object></object>
  <verb>dient</verb>
  <adverbs>zur softwareentwicklung</adverbs>
  <extra></extra>
  <questionword></questionword>
  <truth>0.500000</truth>
  <flags>00000</flags>
  <clause>
    <subject></subject>
    <object></object>
    <verb></verb>
    <adverbs></adverbs>
    <extra></extra>
    <questionword></questionword>
    <truth>0.500000</truth>
    <flags>00000</flags>
  </clause>
</fact>
<fact>
  <subject>ein webbrowser</subject>
  <object></object>
  <verb>dient</verb>
  <adverbs>zum anzeigen von webseiten</adverbs>
  <extra></extra>
  <questionword></questionword>
  <truth>1.000000</truth>
  <flags>00000</flags>
</fact>
<fact>
  <subject>wap</subject>
  <object></object>
  <verb>dient</verb>
  <adverbs>zum ansehen von internetseiten mit dem mobiltelefon</adverbs>
  <extra></extra>
  <questionword></questionword>
  <truth>1.000000</truth>
  <flags>00000</flags>
</fact>
<fact>
  <subject>wlan</subject>
  <object>zwischen computern</object>
  <verb>dient</verb>
  <adverbs>zur funkuebertragung von daten</adverbs>
  <extra></extra>
  <questionword></questionword>
  <truth>1.000000</truth>
  <flags>00000</flags>
</fact>
<fact>
  <subject>linux</subject>
  <object>eine eizelperson</object>
  <verb>entwickelt hat</verb>
  <adverbs></adverbs>
  <extra></extra>
  <questionword></questionword>
  <truth>0.000000</truth>
  <flags>00000</flags>
  <clause>
    <subject></subject>
    <object></object>
    <verb></verb>
    <adverbs></adverbs>
    <extra></extra>
    <questionword></questionword>
    <truth>0.500000</truth>
    <flags>00000</flags>
  </clause>
</fact>
<fact>
  <subject>motorola</subject>
  <object>adsl</object>
  <verb>entwickelt</verb>
  <adverbs></adverbs>
  <extra></extra>
  <questionword></questionword>
  <truth>1.000000</truth>
  <flags>00000</flags>
</fact>
<fact>
  <subject>mp3</subject>
  <object>eine starke kompression</object>
  <verb>ermoeglicht</verb>
  <adverbs>von audiosignalen</adverbs>
  <extra></extra>
  <questionword></questionword>
  <truth>1.000000</truth>
  <flags>00000</flags>
</fact>
<fact>
  <subject>ich</subject>
  <object>java</object>
  <verb>finde</verb>
  <adverbs>in ordnung</adverbs>
  <extra></extra>
  <questionword></questionword>
  <truth>1.000000</truth>
  <flags>00000</flags>
</fact>
<fact>
  <subject>du</subject>
  <object>windows besser als linux</object>
  <verb>findest</verb>
  <adverbs></adverbs>
  <extra></extra>
  <questionword></questionword>
  <truth>0.000000</truth>
  <flags>00000</flags>
  <clause>
    <subject></subject>
    <object></object>
    <verb></verb>
    <adverbs></adverbs>
    <extra></extra>
    <questionword></questionword>
    <truth>0.500000</truth>
    <flags>00000</flags>
  </clause>
</fact>
<fact>
  <subject>bill gates</subject>
  <object>microsoft</object>
  <verb>gegruendet hat</verb>
  <adverbs></adverbs>
  <extra></extra>
  <questionword></questionword>
  <truth>1.000000</truth>
  <flags>00000</flags>
</fact>
<fact>
  <subject>netscape</subject>
  <object></object>
  <verb>gehoert</verb>
  <adverbs>zu microsoft</adverbs>
  <extra></extra>
  <questionword></questionword>
  <truth>1.000000</truth>
  <flags>00000</flags>
</fact>
<fact>
  <subject>das kontextmenue</subject>
  <object></object>
  <verb>geoeffnet wird</verb>
  <adverbs>mit der rechten maustaste</adverbs>
  <extra></extra>
  <questionword></questionword>
  <truth>1.000000</truth>
  <flags>00000</flags>
</fact>
<fact>
  <subject>konrad zuse</subject>
  <object>als erfinder des frei programmierbaren computers</object>
  <verb>gilt</verb>
  <adverbs></adverbs>
  <extra></extra>
  <questionword></questionword>
  <truth>1.000000</truth>
  <flags>00000</flags>
</fact>
<fact>
  <subject>steve jobs</subject>
  <object>apple</object>
  <verb>gruendete</verb>
  <adverbs></adverbs>
  <extra></extra>
  <questionword></questionword>
  <truth>1.000000</truth>
  <flags>00000</flags>
</fact>
<fact>
  <subject>cc</subject>
  <object>bei carbon copy</object>
  <verb>heisst</verb>
  <adverbs>einer e-mail</adverbs>
  <extra></extra>
  <questionword></questionword>
  <truth>1.000000</truth>
  <flags>00000</flags>
</fact>
<fact>
  <subject>cd</subject>
  <object>compact disc</object>
  <verb>heisst</verb>
  <adverbs></adverbs>
  <extra></extra>
  <questionword></questionword>
  <truth>1.000000</truth>
  <flags>00000</flags>
</fact>
<fact>
  <subject>irc</subject>
  <object>internet relay chat</object>
  <verb>heisst</verb>
  <adverbs></adverbs>
  <extra></extra>
  <questionword></questionword>
  <truth>1.000000</truth>
  <flags>00000</flags>
</fact>
<fact>
  <subject>altavista</subject>
  <object>(a) suchmaschine</object>
  <verb>is-a</verb>
  <adverbs>in dem web</adverbs>
  <extra></extra>
  <questionword></questionword>
  <truth>0.500000</truth>
  <flags>00000</flags>
  <clause>
    <subject></subject>
    <object></object>
    <verb></verb>
    <adverbs></adverbs>
    <extra></extra>
    <questionword></questionword>
    <truth>0.500000</truth>
    <flags>00000</flags>
  </clause>
</fact>
<fact>
  <subject>apple</subject>
  <object>(a) firma</object>
  <verb>is-a</verb>
  <adverbs></adverbs>
  <extra></extra>
  <questionword></questionword>
  <truth>1.000000</truth>
  <flags>00000</flags>
</fact>
<fact>
  <subject>bluetooth</subject>
  <object>(a) industriestandard</object>
  <verb>is-a</verb>
  <adverbs>fuer die drahtlose vernetzung von geraeten ueber kurze distanz</adverbs>
  <extra></extra>
  <questionword></questionword>
  <truth>0.500000</truth>
  <flags>00000</flags>
  <clause>
    <subject></subject>
    <object></object>
    <verb></verb>
    <adverbs></adverbs>
    <extra></extra>
    <questionword></questionword>
    <truth>0.500000</truth>
    <flags>00000</flags>
  </clause>
</fact>
<fact>
  <subject>bmp</subject>
  <object>(a) bildformat</object>
  <verb>is-a</verb>
  <adverbs></adverbs>
  <extra></extra>
  <questionword></questionword>
  <truth>1.000000</truth>
  <flags>00000</flags>
</fact>
<fact>
  <subject>capi</subject>
  <object>(a) isdn-programmierschnittstelle</object>
  <verb>is-a</verb>
  <adverbs></adverbs>
  <extra></extra>
  <questionword></questionword>
  <truth>1.000000</truth>
  <flags>00000</flags>
</fact>
<fact>
  <subject>(the) bios</subject>
  <object>(a) pc systemprogramm</object>
  <verb>is-a</verb>
  <adverbs></adverbs>
  <extra></extra>
  <questionword></questionword>
  <truth>1.000000</truth>
  <flags>00000</flags>
</fact>
<fact>
  <subject>(the) moorhuhn</subject>
  <object>(the) beruehmteste vogel</object>
  <verb>is-a</verb>
  <adverbs>in dem internet</adverbs>
  <extra></extra>
  <questionword></questionword>
  <truth>1.000000</truth>
  <flags>00000</flags>
</fact>
<fact>
  <subject>ddr</subject>
  <object>(a) speicherbausteintechnik</object>
  <verb>is-a</verb>
  <adverbs></adverbs>
  <extra></extra>
  <questionword></questionword>
  <truth>1.000000</truth>
  <flags>00000</flags>
</fact>
<fact>
  <subject>debian</subject>
  <object>(a) linux distribution</object>
  <verb>is-a</verb>
  <adverbs></adverbs>
  <extra></extra>
  <questionword></questionword>
  <truth>1.000000</truth>
  <flags>00000</flags>
</fact>
<fact>
  <subject>(the) cyberspace</subject>
  <object>(a) virtueller raum</object>
  <verb>is-a</verb>
  <adverbs></adverbs>
  <extra></extra>
  <questionword></questionword>
  <truth>1.000000</truth>
  <flags>00000</flags>
</fact>
<fact>
  <subject>(the) disclaimer</subject>
  <object>(the) haftungsausschuss</object>
  <verb>is-a</verb>
  <adverbs>in dem internet</adverbs>
  <extra></extra>
  <questionword></questionword>
  <truth>1.000000</truth>
  <flags>00000</flags>
</fact>
<fact>
  <subject>der netscape navigator</subject>
  <object>(a) internet-browser</object>
  <verb>is-a</verb>
  <adverbs></adverbs>
  <extra></extra>
  <questionword></questionword>
  <truth>1.000000</truth>
  <flags>00000</flags>
</fact>
<fact>
  <subject>(the) quellcode</subject>
  <object>(the) text einer programmierung</object>
  <verb>is-a</verb>
  <adverbs></adverbs>
  <extra></extra>
  <questionword></questionword>
  <truth>1.000000</truth>
  <flags>00000</flags>
</fact>
<fact>
  <subject>(the) bash</subject>
  <object>(the) unixshell</object>
  <verb>is-a</verb>
  <adverbs></adverbs>
  <extra></extra>
  <questionword></questionword>
  <truth>1.000000</truth>
  <flags>00000</flags>
</fact>
<fact>
  <subject>(the) fat</subject>
  <object>(a) dateizuordnungstabelle</object>
  <verb>is-a</verb>
  <adverbs></adverbs>
  <extra></extra>
  <questionword></questionword>
  <truth>1.000000</truth>
  <flags>00000</flags>
</fact>
<fact>
  <subject>(the) maus</subject>
  <object>(a) eingabegeraet</object>
  <verb>is-a</verb>
  <adverbs>fuer den computer</adverbs>
  <extra></extra>
  <questionword></questionword>
  <truth>1.000000</truth>
  <flags>00000</flags>
</fact>
<fact>
  <subject>(the) space-taste</subject>
  <object>(the) breiteste taste</object>
  <verb>is-a</verb>
  <adverbs>auf der tastatur</adverbs>
  <extra></extra>
  <questionword></questionword>
  <truth>1.000000</truth>
  <flags>00000</flags>
</fact>
<fact>
  <subject>dreamlinux</subject>
  <object>(a) linux distribution</object>
  <verb>is-a</verb>
  <adverbs></adverbs>
  <extra></extra>
  <questionword></questionword>
  <truth>1.000000</truth>
  <flags>00000</flags>
</fact>
<fact>
  <subject>drm</subject>
  <object>(a) kopierschutz</object>
  <verb>is-a</verb>
  <adverbs>fuer musikdateien</adverbs>
  <extra></extra>
  <questionword></questionword>
  <truth>1.000000</truth>
  <flags>00000</flags>
</fact>
<fact>
  <subject>(a) betriebssystem</subject>
  <object>(a) software</object>
  <verb>is-a</verb>
  <adverbs></adverbs>
  <extra></extra>
  <questionword></questionword>
  <truth>0.500000</truth>
  <flags>00000</flags>
  <clause>
    <subject></subject>
    <object></object>
    <verb></verb>
    <adverbs></adverbs>
    <extra></extra>
    <questionword></questionword>
    <truth>0.500000</truth>
    <flags>00000</flags>
  </clause>
</fact>
<fact>
  <subject>(a) bit</subject>
  <object>(the) kleinste informationseinheit</object>
  <verb>is-a</verb>
  <adverbs></adverbs>
  <extra></extra>
  <questionword></questionword>
  <truth>1.000000</truth>
  <flags>00000</flags>
</fact>
<fact>
  <subject>(a) bug</subject>
  <object>(a) programmfehler</object>
  <verb>is-a</verb>
  <adverbs>in einer software</adverbs>
  <extra></extra>
  <questionword></questionword>
  <truth>1.000000</truth>
  <flags>00000</flags>
</fact>
<fact>
  <subject>(a) computer</subject>
  <object>(a) elektronisches geraet</object>
  <verb>is-a</verb>
  <adverbs></adverbs>
  <extra></extra>
  <questionword></questionword>
  <truth>0.500000</truth>
  <flags>00000</flags>
  <clause>
    <subject></subject>
    <object></object>
    <verb></verb>
    <adverbs></adverbs>
    <extra></extra>
    <questionword></questionword>
    <truth>0.500000</truth>
    <flags>00000</flags>
  </clause>
</fact>
<fact>
  <subject>(a) computer</subject>
  <object>(a) gebrauchsgegenstand</object>
  <verb>is-a</verb>
  <adverbs></adverbs>
  <extra></extra>
  <questionword></questionword>
  <truth>0.500000</truth>
  <flags>00000</flags>
  <clause>
    <subject></subject>
    <object></object>
    <verb></verb>
    <adverbs></adverbs>
    <extra></extra>
    <questionword></questionword>
    <truth>0.500000</truth>
    <flags>00000</flags>
  </clause>
</fact>
<fact>
  <subject>(a) dongle</subject>
  <object>(a) kopierschutzstecker</object>
  <verb>is-a</verb>
  <adverbs></adverbs>
  <extra></extra>
  <questionword></questionword>
  <truth>1.000000</truth>
  <flags>00000</flags>
</fact>
<fact>
  <subject>(a) drucker</subject>
  <object>(a) computerzubehoer</object>
  <verb>is-a</verb>
  <adverbs></adverbs>
  <extra></extra>
  <questionword></questionword>
  <truth>1.000000</truth>
  <flags>00000</flags>
</fact>
<fact>
  <subject>(a) animation</subject>
  <object>(a) bewegte grafik</object>
  <verb>is-a</verb>
  <adverbs></adverbs>
  <extra></extra>
  <questionword></questionword>
  <truth>1.000000</truth>
  <flags>00000</flags>
</fact>
<fact>
  <subject>(a) bitmap</subject>
  <object>(a) gebrauechliche verkuerzte bezeichnung windows bitmap</object>
  <verb>is-a</verb>
  <adverbs>fuer das grafikformat</adverbs>
  <extra></extra>
  <questionword></questionword>
  <truth>0.500000</truth>
  <flags>00000</flags>
  <clause>
    <subject></subject>
    <object></object>
    <verb></verb>
    <adverbs></adverbs>
    <extra></extra>
    <questionword></questionword>
    <truth>0.500000</truth>
    <flags>00000</flags>
  </clause>
</fact>
<fact>
  <subject>(a) cd</subject>
  <object>(a) scheibenfoermiges speichermedium</object>
  <verb>is-a</verb>
  <adverbs></adverbs>
  <extra></extra>
  <questionword></questionword>
  <truth>0.500000</truth>
  <flags>00000</flags>
  <clause>
    <subject></subject>
    <object></object>
    <verb></verb>
    <adverbs></adverbs>
    <extra></extra>
    <questionword></questionword>
    <truth>0.500000</truth>
    <flags>00000</flags>
  </clause>
</fact>
<fact>
  <subject>(a) datenbank</subject>
  <object>(a) sammlung</object>
  <verb>is-a</verb>
  <adverbs>von informationen</adverbs>
  <extra></extra>
  <questionword></questionword>
  <truth>0.500000</truth>
  <flags>00000</flags>
  <clause>
    <subject></subject>
    <object></object>
    <verb></verb>
    <adverbs></adverbs>
    <extra></extra>
    <questionword></questionword>
    <truth>0.500000</truth>
    <flags>00000</flags>
  </clause>
</fact>
<fact>
  <subject>(a) lan-party</subject>
  <object>(a) netzwerkparty</object>
  <verb>is-a</verb>
  <adverbs></adverbs>
  <extra></extra>
  <questionword></questionword>
  <truth>1.000000</truth>
  <flags>00000</flags>
</fact>
<fact>
  <subject>(a) redundanz</subject>
  <object>(a) ueberfluessige information</object>
  <verb>is-a</verb>
  <adverbs></adverbs>
  <extra></extra>
  <questionword></questionword>
  <truth>1.000000</truth>
  <flags>00000</flags>
</fact>
<fact>
  <subject>(a) software</subject>
  <object>(a) programm</object>
  <verb>is-a</verb>
  <adverbs></adverbs>
  <extra></extra>
  <questionword></questionword>
  <truth>1.000000</truth>
  <flags>00000</flags>
</fact>
<fact>
  <subject>(a) suchmaschine</subject>
  <object>(a) programm</object>
  <verb>is-a</verb>
  <adverbs>zur recherche von dokumenten</adverbs>
  <extra></extra>
  <questionword></questionword>
  <truth>0.500000</truth>
  <flags>00000</flags>
  <clause>
    <subject></subject>
    <object></object>
    <verb></verb>
    <adverbs></adverbs>
    <extra></extra>
    <questionword></questionword>
    <truth>0.500000</truth>
    <flags>00000</flags>
  </clause>
</fact>
<fact>
  <subject>(a) tabelle</subject>
  <object>daten</object>
  <verb>is-a</verb>
  <adverbs>von texten</adverbs>
  <extra></extra>
  <questionword></questionword>
  <truth>0.500000</truth>
  <flags>00000</flags>
  <clause>
    <subject></subject>
    <object></object>
    <verb></verb>
    <adverbs></adverbs>
    <extra></extra>
    <questionword></questionword>
    <truth>0.500000</truth>
    <flags>00000</flags>
  </clause>
</fact>
<fact>
  <subject>(a) tabelle</subject>
  <object>(a) geordnete zusammenstellung</object>
  <verb>is-a</verb>
  <adverbs>von texten</adverbs>
  <extra></extra>
  <questionword></questionword>
  <truth>0.500000</truth>
  <flags>00000</flags>
  <clause>
    <subject></subject>
    <object></object>
    <verb></verb>
    <adverbs></adverbs>
    <extra></extra>
    <questionword></questionword>
    <truth>0.500000</truth>
    <flags>00000</flags>
  </clause>
</fact>
<fact>
  <subject>(a) hyperlink</subject>
  <object>(a) verweis</object>
  <verb>is-a</verb>
  <adverbs>auf einer webseite</adverbs>
  <extra></extra>
  <questionword></questionword>
  <truth>1.000000</truth>
  <flags>00000</flags>
</fact>
<fact>
  <subject>(a) link</subject>
  <object>(a) verknuepfung zwischen internetseiten</object>
  <verb>is-a</verb>
  <adverbs></adverbs>
  <extra></extra>
  <questionword></questionword>
  <truth>1.000000</truth>
  <flags>00000</flags>
</fact>
<fact>
  <subject>(a) modem</subject>
  <object>(a) datenumwandler</object>
  <verb>is-a</verb>
  <adverbs></adverbs>
  <extra></extra>
  <questionword></questionword>
  <truth>1.000000</truth>
  <flags>00000</flags>
</fact>
<fact>
  <subject>(a) monitor</subject>
  <object>(a) bildschirm</object>
  <verb>is-a</verb>
  <adverbs></adverbs>
  <extra></extra>
  <questionword></questionword>
  <truth>1.000000</truth>
  <flags>00000</flags>
</fact>
<fact>
  <subject>ein tablet pc</subject>
  <object>(a) tragbarer computer</object>
  <verb>is-a</verb>
  <adverbs>ohne tastatur</adverbs>
  <extra></extra>
  <questionword></questionword>
  <truth>1.000000</truth>
  <flags>00000</flags>
</fact>
<fact>
  <subject>ein thumbnail</subject>
  <object>eine kleine ansicht</object>
  <verb>ist</verb>
  <adverbs>von einer bilddatei</adverbs>
  <extra></extra>
  <questionword></questionword>
  <truth>1.000000</truth>
  <flags>00000</flags>
</fact>
<fact>
  <subject>(a) update</subject>
  <object>(a) aktualisierung</object>
  <verb>is-a</verb>
  <adverbs></adverbs>
  <extra></extra>
  <questionword></questionword>
  <truth>1.000000</truth>
  <flags>00000</flags>
</fact>
<fact>
  <subject>fedora</subject>
  <object>(a) linux distribution</object>
  <verb>is-a</verb>
  <adverbs></adverbs>
  <extra></extra>
  <questionword></questionword>
  <truth>1.000000</truth>
  <flags>00000</flags>
</fact>
<fact>
  <subject>firewire</subject>
  <object>(the) anschluss grosser datenmengen</object>
  <verb>is-a</verb>
  <adverbs>fuer die uebertragung</adverbs>
  <extra></extra>
  <questionword></questionword>
  <truth>1.000000</truth>
  <flags>00000</flags>
</fact>
<fact>
  <subject>firmware</subject>
  <object>(the) installierte betriebssoftware</object>
  <verb>is-a</verb>
  <adverbs>von geraeten</adverbs>
  <extra></extra>
  <questionword></questionword>
  <truth>1.000000</truth>
  <flags>00000</flags>
</fact>
<fact>
  <subject>freebsd</subject>
  <object>(a) betriebssystem</object>
  <verb>is-a</verb>
  <adverbs></adverbs>
  <extra></extra>
  <questionword></questionword>
  <truth>1.000000</truth>
  <flags>00000</flags>
</fact>
<fact>
  <subject>ftp</subject>
  <object></object>
  <verb>ist</verb>
  <adverbs>ein datenuebertragungsprotokoll</adverbs>
  <extra></extra>
  <questionword></questionword>
  <truth>0.500000</truth>
  <flags>00000</flags>
  <clause>
    <subject></subject>
    <object></object>
    <verb></verb>
    <adverbs></adverbs>
    <extra></extra>
    <questionword></questionword>
    <truth>0.500000</truth>
    <flags>00000</flags>
  </clause>
</fact>
<fact>
  <subject>gnome</subject>
  <object>(a) grafische oberflaeche</object>
  <verb>is-a</verb>
  <adverbs>fuer linux</adverbs>
  <extra></extra>
  <questionword></questionword>
  <truth>1.000000</truth>
  <flags>00000</flags>
</fact>
<fact>
  <subject>gnutella</subject>
  <object>ein file sharing client</object>
  <verb>ist</verb>
  <adverbs></adverbs>
  <extra></extra>
  <questionword></questionword>
  <truth>1.000000</truth>
  <flags>00000</flags>
</fact>
<fact>
  <subject>google</subject>
  <object>(a) grosse suchmaschine</object>
  <verb>is-a</verb>
  <adverbs></adverbs>
  <extra></extra>
  <questionword></questionword>
  <truth>0.500000</truth>
  <flags>00000</flags>
  <clause>
    <subject></subject>
    <object></object>
    <verb></verb>
    <adverbs></adverbs>
    <extra></extra>
    <questionword></questionword>
    <truth>0.500000</truth>
    <flags>00000</flags>
  </clause>
</fact>
<fact>
  <subject>google</subject>
  <object>(a) suchmaschine</object>
  <verb>is-a</verb>
  <adverbs></adverbs>
  <extra></extra>
  <questionword></questionword>
  <truth>1.000000</truth>
  <flags>00000</flags>
</fact>
<fact>
  <subject>ibm</subject>
  <object>(a) grosser computerkonzern</object>
  <verb>is-a</verb>
  <adverbs></adverbs>
  <extra></extra>
  <questionword></questionword>
  <truth>0.500000</truth>
  <flags>00000</flags>
  <clause>
    <subject></subject>
    <object></object>
    <verb></verb>
    <adverbs></adverbs>
    <extra></extra>
    <questionword></questionword>
    <truth>0.500000</truth>
    <flags>00000</flags>
  </clause>
</fact>
<fact>
  <subject>icq</subject>
  <object>einer der aeltersten messangers</object>
  <verb>ist</verb>
  <adverbs></adverbs>
  <extra></extra>
  <questionword></questionword>
  <truth>0.500000</truth>
  <flags>00000</flags>
  <clause>
    <subject></subject>
    <object></object>
    <verb></verb>
    <adverbs></adverbs>
    <extra></extra>
    <questionword></questionword>
    <truth>0.500000</truth>
    <flags>00000</flags>
  </clause>
</fact>
<fact>
  <subject>jpeg</subject>
  <object>(a) bildformat</object>
  <verb>is-a</verb>
  <adverbs></adverbs>
  <extra></extra>
  <questionword></questionword>
  <truth>1.000000</truth>
  <flags>00000</flags>
</fact>
<fact>
  <subject>jpg</subject>
  <object>(a) bildformat</object>
  <verb>is-a</verb>
  <adverbs></adverbs>
  <extra></extra>
  <questionword></questionword>
  <truth>1.000000</truth>
  <flags>00000</flags>
</fact>
<fact>
  <subject>komprimieren</subject>
  <object>(the) packen</object>
  <verb>is-a</verb>
  <adverbs>von dateien</adverbs>
  <extra></extra>
  <questionword></questionword>
  <truth>1.000000</truth>
  <flags>00000</flags>
</fact>
<fact>
  <subject>linus torvalds</subject>
  <object>(the) entwickler</object>
  <verb>is-a</verb>
  <adverbs>von linux</adverbs>
  <extra></extra>
  <questionword></questionword>
  <truth>1.000000</truth>
  <flags>00000</flags>
</fact>
<fact>
  <subject>linux</subject>
  <object>(a) betriebssystem</object>
  <verb>is-a</verb>
  <adverbs></adverbs>
  <extra></extra>
  <questionword></questionword>
  <truth>0.500000</truth>
  <flags>00000</flags>
  <clause>
    <subject></subject>
    <object></object>
    <verb></verb>
    <adverbs></adverbs>
    <extra></extra>
    <questionword></questionword>
    <truth>0.500000</truth>
    <flags>00000</flags>
  </clause>
</fact>
<fact>
  <subject>linux</subject>
  <object>(a) freies betriebssystem</object>
  <verb>is-a</verb>
  <adverbs></adverbs>
  <extra></extra>
  <questionword></questionword>
  <truth>0.500000</truth>
  <flags>00000</flags>
  <clause>
    <subject></subject>
    <object></object>
    <verb></verb>
    <adverbs></adverbs>
    <extra></extra>
    <questionword></questionword>
    <truth>0.500000</truth>
    <flags>00000</flags>
  </clause>
</fact>
<fact>
  <subject>macosx</subject>
  <object>(a) unixbasierendes betriebssystem</object>
  <verb>is-a</verb>
  <adverbs></adverbs>
  <extra></extra>
  <questionword></questionword>
  <truth>1.000000</truth>
  <flags>00000</flags>
</fact>
<fact>
  <subject>microsoft</subject>
  <object>(a) firma</object>
  <verb>is-a</verb>
  <adverbs></adverbs>
  <extra></extra>
  <questionword></questionword>
  <truth>1.000000</truth>
  <flags>00000</flags>
</fact>
<fact>
  <subject>morphing</subject>
  <object>(the) verwandlung</object>
  <verb>is-a</verb>
  <adverbs>von einem bild in ein anderes bild</adverbs>
  <extra></extra>
  <questionword></questionword>
  <truth>1.000000</truth>
  <flags>00000</flags>
</fact>
<fact>
  <subject>mp3</subject>
  <object>(a) audioformat</object>
  <verb>is-a</verb>
  <adverbs></adverbs>
  <extra></extra>
  <questionword></questionword>
  <truth>1.000000</truth>
  <flags>00000</flags>
</fact>
<fact>
  <subject>mp3</subject>
  <object>(a) format</object>
  <verb>is-a</verb>
  <adverbs></adverbs>
  <extra></extra>
  <questionword></questionword>
  <truth>1.000000</truth>
  <flags>00000</flags>
</fact>
<fact>
  <subject>ms-dos</subject>
  <object>(a) betriebssystem</object>
  <verb>is-a</verb>
  <adverbs>von microsoft</adverbs>
  <extra></extra>
  <questionword></questionword>
  <truth>1.000000</truth>
  <flags>00000</flags>
</fact>
<fact>
  <subject>open source</subject>
  <object>freie und kostenlose software</object>
  <verb>ist</verb>
  <adverbs></adverbs>
  <extra></extra>
  <questionword></questionword>
  <truth>0.500000</truth>
  <flags>00000</flags>
  <clause>
    <subject></subject>
    <object></object>
    <verb></verb>
    <adverbs></adverbs>
    <extra></extra>
    <questionword></questionword>
    <truth>0.500000</truth>
    <flags>00000</flags>
  </clause>
</fact>
<fact>
  <subject>opera</subject>
  <object>(a) webbrowser</object>
  <verb>is-a</verb>
  <adverbs></adverbs>
  <extra></extra>
  <questionword></questionword>
  <truth>0.500000</truth>
  <flags>00000</flags>
  <clause>
    <subject></subject>
    <object></object>
    <verb></verb>
    <adverbs></adverbs>
    <extra></extra>
    <questionword></questionword>
    <truth>0.500000</truth>
    <flags>00000</flags>
  </clause>
</fact>
<fact>
  <subject>oracle</subject>
  <object>(a) datenbank</object>
  <verb>is-a</verb>
  <adverbs></adverbs>
  <extra></extra>
  <questionword></questionword>
  <truth>1.000000</truth>
  <flags>00000</flags>
</fact>
<fact>
  <subject>pascal</subject>
  <object>(a) bekannte programmiersprache</object>
  <verb>is-a</verb>
  <adverbs></adverbs>
  <extra></extra>
  <questionword></questionword>
  <truth>1.000000</truth>
  <flags>00000</flags>
</fact>
<fact>
  <subject>perl</subject>
  <object>(a) freie skriptsprache</object>
  <verb>is-a</verb>
  <adverbs></adverbs>
  <extra></extra>
  <questionword></questionword>
  <truth>0.500000</truth>
  <flags>00000</flags>
  <clause>
    <subject></subject>
    <object></object>
    <verb></verb>
    <adverbs></adverbs>
    <extra></extra>
    <questionword></questionword>
    <truth>0.500000</truth>
    <flags>00000</flags>
  </clause>
</fact>
<fact>
  <subject>phishing</subject>
  <object>(the) beruegerische erwerb</object>
  <verb>is-a</verb>
  <adverbs>von persoenlichen daten</adverbs>
  <extra></extra>
  <questionword></questionword>
  <truth>1.000000</truth>
  <flags>00000</flags>
</fact>
<fact>
  <subject>php</subject>
  <object>(a) skriptsprache</object>
  <verb>is-a</verb>
  <adverbs></adverbs>
  <extra></extra>
  <questionword></questionword>
  <truth>0.500000</truth>
  <flags>00000</flags>
  <clause>
    <subject></subject>
    <object></object>
    <verb></verb>
    <adverbs></adverbs>
    <extra></extra>
    <questionword></questionword>
    <truth>0.500000</truth>
    <flags>00000</flags>
  </clause>
</fact>
<fact>
  <subject>png</subject>
  <object>(a) bildformat</object>
  <verb>is-a</verb>
  <adverbs></adverbs>
  <extra></extra>
  <questionword></questionword>
  <truth>1.000000</truth>
  <flags>00000</flags>
</fact>
<fact>
  <subject>png</subject>
  <object>(a) grafikformat</object>
  <verb>is-a</verb>
  <adverbs></adverbs>
  <extra></extra>
  <questionword></questionword>
  <truth>1.000000</truth>
  <flags>00000</flags>
</fact>
<fact>
  <subject>public domain software</subject>
  <object>kostenlose software</object>
  <verb>ist</verb>
  <adverbs></adverbs>
  <extra></extra>
  <questionword></questionword>
  <truth>1.000000</truth>
  <flags>00000</flags>
</fact>
<fact>
  <subject>python</subject>
  <object>(a) programmiersprache</object>
  <verb>is-a</verb>
  <adverbs></adverbs>
  <extra></extra>
  <questionword></questionword>
  <truth>0.500000</truth>
  <flags>00000</flags>
  <clause>
    <subject></subject>
    <object></object>
    <verb></verb>
    <adverbs></adverbs>
    <extra></extra>
    <questionword></questionword>
    <truth>0.500000</truth>
    <flags>00000</flags>
  </clause>
</fact>
<fact>
  <subject>pyton</subject>
  <object></object>
  <verb>ist</verb>
  <adverbs>frei</adverbs>
  <extra></extra>
  <questionword></questionword>
  <truth>1.000000</truth>
  <flags>00000</flags>
</fact>
<fact>
  <subject>redhat</subject>
  <object>(a) linuxdistributor</object>
  <verb>is-a</verb>
  <adverbs></adverbs>
  <extra></extra>
  <questionword></questionword>
  <truth>0.500000</truth>
  <flags>00000</flags>
  <clause>
    <subject></subject>
    <object></object>
    <verb></verb>
    <adverbs></adverbs>
    <extra></extra>
    <questionword></questionword>
    <truth>0.500000</truth>
    <flags>00000</flags>
  </clause>
</fact>
<fact>
  <subject>richard stallman</subject>
  <object>(the) gruender der free-software-foundation</object>
  <verb>is-a</verb>
  <adverbs></adverbs>
  <extra></extra>
  <questionword></questionword>
  <truth>0.500000</truth>
  <flags>00000</flags>
  <clause>
    <subject></subject>
    <object></object>
    <verb></verb>
    <adverbs></adverbs>
    <extra></extra>
    <questionword></questionword>
    <truth>0.500000</truth>
    <flags>00000</flags>
  </clause>
</fact>
<fact>
  <subject>richard stallman</subject>
  <object>(a) programmentwickler</object>
  <verb>is-a</verb>
  <adverbs></adverbs>
  <extra></extra>
  <questionword></questionword>
  <truth>0.500000</truth>
  <flags>00000</flags>
  <clause>
    <subject></subject>
    <object></object>
    <verb></verb>
    <adverbs></adverbs>
    <extra></extra>
    <questionword></questionword>
    <truth>0.500000</truth>
    <flags>00000</flags>
  </clause>
</fact>
<fact>
  <subject>sap</subject>
  <object>(a) maechtiger softwarekonzern</object>
  <verb>is-a</verb>
  <adverbs></adverbs>
  <extra></extra>
  <questionword></questionword>
  <truth>1.000000</truth>
  <flags>00000</flags>
</fact>
<fact>
  <subject>skype</subject>
  <object>(a) instant messenger</object>
  <verb>is-a</verb>
  <adverbs></adverbs>
  <extra></extra>
  <questionword></questionword>
  <truth>0.500000</truth>
  <flags>00000</flags>
  <clause>
    <subject></subject>
    <object></object>
    <verb></verb>
    <adverbs></adverbs>
    <extra></extra>
    <questionword></questionword>
    <truth>0.500000</truth>
    <flags>00000</flags>
  </clause>
</fact>
<fact>
  <subject>sql</subject>
  <object>(the) kuerzel fuer structured-query-language</object>
  <verb>is-a</verb>
  <adverbs></adverbs>
  <extra></extra>
  <questionword></questionword>
  <truth>1.000000</truth>
  <flags>00000</flags>
</fact>
<fact>
  <subject>sql</subject>
  <object>(a) datenbanksprache</object>
  <verb>is-a</verb>
  <adverbs></adverbs>
  <extra></extra>
  <questionword></questionword>
  <truth>1.000000</truth>
  <flags>00000</flags>
</fact>
<fact>
  <subject>suse</subject>
  <object>(a) linux distribution</object>
  <verb>is-a</verb>
  <adverbs></adverbs>
  <extra></extra>
  <questionword></questionword>
  <truth>1.000000</truth>
  <flags>00000</flags>
</fact>
<fact>
  <subject>swf</subject>
  <object>(the) dateiendung</object>
  <verb>is-a</verb>
  <adverbs>fuer eine flashdatei</adverbs>
  <extra></extra>
  <questionword></questionword>
  <truth>1.000000</truth>
  <flags>00000</flags>
</fact>
<fact>
  <subject>symbian</subject>
  <object>(a) betriebsprogramm</object>
  <verb>is-a</verb>
  <adverbs>fuer mulitmedia-handys</adverbs>
  <extra></extra>
  <questionword></questionword>
  <truth>1.000000</truth>
  <flags>00000</flags>
</fact>
<fact>
  <subject>irc</subject>
  <object>ein chat-system</object>
  <verb>ist textbasierendes</verb>
  <adverbs></adverbs>
  <extra></extra>
  <questionword></questionword>
  <truth>1.000000</truth>
  <flags>00000</flags>
</fact>
<fact>
  <subject>tiff</subject>
  <object>(a) bildformat</object>
  <verb>is-a</verb>
  <adverbs></adverbs>
  <extra></extra>
  <questionword></questionword>
  <truth>1.000000</truth>
  <flags>00000</flags>
</fact>
<fact>
  <subject>ubuntu</subject>
  <object>(a) linuxvariante</object>
  <verb>is-a</verb>
  <adverbs></adverbs>
  <extra></extra>
  <questionword></questionword>
  <truth>0.500000</truth>
  <flags>00000</flags>
  <clause>
    <subject></subject>
    <object></object>
    <verb></verb>
    <adverbs></adverbs>
    <extra></extra>
    <questionword></questionword>
    <truth>0.500000</truth>
    <flags>00000</flags>
  </clause>
</fact>
<fact>
  <subject>ubuntu</subject>
  <object>(a) linux distribution</object>
  <verb>is-a</verb>
  <adverbs></adverbs>
  <extra></extra>
  <questionword></questionword>
  <truth>1.000000</truth>
  <flags>00000</flags>
</fact>
<fact>
  <subject>ubuntu</subject>
  <object>(a) linuxdistribution</object>
  <verb>is-a</verb>
  <adverbs></adverbs>
  <extra></extra>
  <questionword></questionword>
  <truth>1.000000</truth>
  <flags>00000</flags>
</fact>
<fact>
  <subject>ubuntu</subject>
  <object>(a) linuxderivat</object>
  <verb>is-a</verb>
  <adverbs></adverbs>
  <extra></extra>
  <questionword></questionword>
  <truth>1.000000</truth>
  <flags>00000</flags>
</fact>
<fact>
  <subject>vista</subject>
  <object>(a) betriebssystem</object>
  <verb>is-a</verb>
  <adverbs>von microsoft</adverbs>
  <extra></extra>
  <questionword></questionword>
  <truth>1.000000</truth>
  <flags>00000</flags>
</fact>
<fact>
  <subject>wap</subject>
  <object>(the) wireless application protocol</object>
  <verb>is-a</verb>
  <adverbs></adverbs>
  <extra></extra>
  <questionword></questionword>
  <truth>1.000000</truth>
  <flags>00000</flags>
</fact>
<fact>
  <subject>webserver</subject>
  <object>eine open source software</object>
  <verb>ist</verb>
  <adverbs>der apache</adverbs>
  <extra></extra>
  <questionword></questionword>
  <truth>1.000000</truth>
  <flags>00000</flags>
</fact>
<fact>
  <subject>wikipedia</subject>
  <object>(a) onlinelexikon</object>
  <verb>is-a</verb>
  <adverbs></adverbs>
  <extra></extra>
  <questionword></questionword>
  <truth>0.500000</truth>
  <flags>00000</flags>
  <clause>
    <subject></subject>
    <object></object>
    <verb></verb>
    <adverbs></adverbs>
    <extra></extra>
    <questionword></questionword>
    <truth>0.500000</truth>
    <flags>00000</flags>
  </clause>
</fact>
<fact>
  <subject>windows 2000</subject>
  <object>(a) betriebssystem</object>
  <verb>is-a</verb>
  <adverbs></adverbs>
  <extra></extra>
  <questionword></questionword>
  <truth>1.000000</truth>
  <flags>00000</flags>
</fact>
<fact>
  <subject>windows 95</subject>
  <object>(a) betriebssystem</object>
  <verb>is-a</verb>
  <adverbs></adverbs>
  <extra></extra>
  <questionword></questionword>
  <truth>1.000000</truth>
  <flags>00000</flags>
</fact>
<fact>
  <subject>windows 98</subject>
  <object>(a) betriebssystem</object>
  <verb>is-a</verb>
  <adverbs></adverbs>
  <extra></extra>
  <questionword></questionword>
  <truth>1.000000</truth>
  <flags>00000</flags>
</fact>
<fact>
  <subject>windows</subject>
  <object>besser als linux</object>
  <verb>ist</verb>
  <adverbs></adverbs>
  <extra></extra>
  <questionword></questionword>
  <truth>0.500000</truth>
  <flags>00000</flags>
  <clause>
    <subject></subject>
    <object></object>
    <verb></verb>
    <adverbs></adverbs>
    <extra></extra>
    <questionword></questionword>
    <truth>0.500000</truth>
    <flags>00000</flags>
  </clause>
</fact>
<fact>
  <subject>windows</subject>
  <object>(a) betriebssystem</object>
  <verb>is-a</verb>
  <adverbs></adverbs>
  <extra></extra>
  <questionword></questionword>
  <truth>0.500000</truth>
  <flags>00000</flags>
  <clause>
    <subject></subject>
    <object></object>
    <verb></verb>
    <adverbs></adverbs>
    <extra></extra>
    <questionword></questionword>
    <truth>0.500000</truth>
    <flags>00000</flags>
  </clause>
</fact>
<fact>
  <subject>windows millenium</subject>
  <object>(a) betriebssystem</object>
  <verb>is-a</verb>
  <adverbs></adverbs>
  <extra></extra>
  <questionword></questionword>
  <truth>1.000000</truth>
  <flags>00000</flags>
</fact>
<fact>
  <subject>windows nt</subject>
  <object>(a) betriebssystem</object>
  <verb>is-a</verb>
  <adverbs></adverbs>
  <extra></extra>
  <questionword></questionword>
  <truth>1.000000</truth>
  <flags>00000</flags>
</fact>
<fact>
  <subject>windows vista</subject>
  <object>(a) betriebssystem</object>
  <verb>is-a</verb>
  <adverbs></adverbs>
  <extra></extra>
  <questionword></questionword>
  <truth>1.000000</truth>
  <flags>00000</flags>
</fact>
<fact>
  <subject>windows xp</subject>
  <object>(a) betriebssystem</object>
  <verb>is-a</verb>
  <adverbs></adverbs>
  <extra></extra>
  <questionword></questionword>
  <truth>1.000000</truth>
  <flags>00000</flags>
</fact>
<fact>
  <subject>youtube</subject>
  <object>(a) videoportal</object>
  <verb>is-a</verb>
  <adverbs></adverbs>
  <extra></extra>
  <questionword></questionword>
  <truth>1.000000</truth>
  <flags>00000</flags>
</fact>
<fact>
  <subject>die ersten disketten</subject>
  <object></object>
  <verb>kamen</verb>
  <adverbs>1970  auf den markt</adverbs>
  <extra></extra>
  <questionword></questionword>
  <truth>1.000000</truth>
  <flags>00000</flags>
</fact>
<fact>
  <subject>das starten des rechners</subject>
  <object>man booten</object>
  <verb>nennt</verb>
  <adverbs></adverbs>
  <extra></extra>
  <questionword></questionword>
  <truth>1.000000</truth>
  <flags>00000</flags>
</fact>
<fact>
  <subject>der yellow-book-standard</subject>
  <object>den aufbau einer daten-cd</object>
  <verb>regelt</verb>
  <adverbs></adverbs>
  <extra></extra>
  <questionword></questionword>
  <truth>1.000000</truth>
  <flags>00000</flags>
</fact>
<fact>
  <subject>eine firewall</subject>
  <object></object>
  <verb>schuetzt</verb>
  <adverbs>vor unbefugtem zugriff aus dem internet</adverbs>
  <extra></extra>
  <questionword></questionword>
  <truth>1.000000</truth>
  <flags>00000</flags>
</fact>
<fact>
  <subject>1024 kilobyte</subject>
  <object>ein megabyte</object>
  <verb>sind</verb>
  <adverbs></adverbs>
  <extra></extra>
  <questionword></questionword>
  <truth>1.000000</truth>
  <flags>00000</flags>
</fact>
<fact>
  <subject>8 bits</subject>
  <object>ein byte</object>
  <verb>sind</verb>
  <adverbs></adverbs>
  <extra></extra>
  <questionword></questionword>
  <truth>1.000000</truth>
  <flags>00000</flags>
</fact>
<fact>
  <subject>die daten</subject>
  <object>als vertiefungen</object>
  <verb>sind</verb>
  <adverbs>auf einer compactdisc gespeichert</adverbs>
  <extra></extra>
  <questionword></questionword>
  <truth>1.000000</truth>
  <flags>00000</flags>
</fact>
<fact>
  <subject>ein gigabyte</subject>
  <object>1024 megabyte</object>
  <verb>sind</verb>
  <adverbs></adverbs>
  <extra></extra>
  <questionword></questionword>
  <truth>1.000000</truth>
  <flags>00000</flags>
</fact>
<fact>
  <subject>programmierer</subject>
  <object>softwareentwickler</object>
  <verb>sind</verb>
  <adverbs></adverbs>
  <extra></extra>
  <questionword></questionword>
  <truth>0.500000</truth>
  <flags>00000</flags>
  <clause>
    <subject></subject>
    <object></object>
    <verb></verb>
    <adverbs></adverbs>
    <extra></extra>
    <questionword></questionword>
    <truth>0.500000</truth>
    <flags>00000</flags>
  </clause>
</fact>
<fact>
  <subject>voice over ip</subject>
  <object>ferngespraeche</object>
  <verb>sind</verb>
  <adverbs>ueber das internet</adverbs>
  <extra></extra>
  <questionword></questionword>
  <truth>1.000000</truth>
  <flags>00000</flags>
</fact>
<fact>
  <subject>warez</subject>
  <object>raubkopien</object>
  <verb>sind</verb>
  <adverbs>von software</adverbs>
  <extra></extra>
  <questionword></questionword>
  <truth>1.000000</truth>
  <flags>00000</flags>
</fact>
<fact>
  <subject>bios</subject>
  <object></object>
  <verb>steht</verb>
  <adverbs>_fuer_basic_input_output_system_</adverbs>
  <extra></extra>
  <questionword></questionword>
  <truth>1.000000</truth>
  <flags>00000</flags>
</fact>
<fact>
  <subject>das bios</subject>
  <object>direkt</object>
  <verb>steht</verb>
  <adverbs>nach dem einschalten bereit</adverbs>
  <extra></extra>
  <questionword></questionword>
  <truth>1.000000</truth>
  <flags>00000</flags>
</fact>
<fact>
  <subject>hdtv</subject>
  <object></object>
  <verb>steht</verb>
  <adverbs>_fuer_high_definition_television_</adverbs>
  <extra></extra>
  <questionword></questionword>
  <truth>1.000000</truth>
  <flags>00000</flags>
</fact>
<fact>
  <subject>mpeg</subject>
  <object></object>
  <verb>steht</verb>
  <adverbs>_fuer_moving_pictures_experts_group_</adverbs>
  <extra></extra>
  <questionword></questionword>
  <truth>1.000000</truth>
  <flags>00000</flags>
</fact>
<fact>
  <subject>usb</subject>
  <object></object>
  <verb>steht</verb>
  <adverbs>_fuer_universal_serial_bus_</adverbs>
  <extra></extra>
  <questionword></questionword>
  <truth>1.000000</truth>
  <flags>00000</flags>
</fact>
<fact>
  <subject>www</subject>
  <object></object>
  <verb>steht</verb>
  <adverbs>_fuer_world_wide_web_</adverbs>
  <extra></extra>
  <questionword></questionword>
  <truth>1.000000</truth>
  <flags>00000</flags>
</fact>
<fact>
  <subject>eine pivot-tabelle</subject>
  <object>daten ein</object>
  <verb>teilt</verb>
  <adverbs>nach gruppen</adverbs>
  <extra></extra>
  <questionword></questionword>
  <truth>1.000000</truth>
  <flags>00000</flags>
</fact>
<fact>
  <subject>divx</subject>
  <object>videodatein</object>
  <verb>verkleinert</verb>
  <adverbs></adverbs>
  <extra></extra>
  <questionword></questionword>
  <truth>1.000000</truth>
  <flags>00000</flags>
</fact>
<fact>
  <subject>ein hacker</subject>
  <object>sich unerlaubten zutritt</object>
  <verb>verschafft</verb>
  <adverbs>zu fremden computern</adverbs>
  <extra></extra>
  <questionword></questionword>
  <truth>1.000000</truth>
  <flags>00000</flags>
</fact>
<fact>
  <subject>das erste e-mail</subject>
  <object></object>
  <verb>versendet wurde</verb>
  <adverbs>1971</adverbs>
  <extra></extra>
  <questionword></questionword>
  <truth>1.000000</truth>
  <flags>00000</flags>
</fact>
<fact>
  <subject>ein hub</subject>
  <object>ankommende signale</object>
  <verb>verstaerkt</verb>
  <adverbs></adverbs>
  <extra></extra>
  <questionword></questionword>
  <truth>1.000000</truth>
  <flags>00000</flags>
</fact>
<fact>
  <subject>blutooth</subject>
  <object>dezimeterwellen</object>
  <verb>verwendet</verb>
  <adverbs></adverbs>
  <extra></extra>
  <questionword></questionword>
  <truth>1.000000</truth>
  <flags>00000</flags>
</fact>
<fact>
  <subject>ein tft bildschirm</subject>
  <object>fluessigkristalle</object>
  <verb>verwendet</verb>
  <adverbs></adverbs>
  <extra></extra>
  <questionword></questionword>
  <truth>1.000000</truth>
  <flags>00000</flags>
</fact>
<fact>
  <subject>der erste microprozessor</subject>
  <object></object>
  <verb>war</verb>
  <adverbs>der intel 4004</adverbs>
  <extra></extra>
  <questionword></questionword>
  <truth>1.000000</truth>
  <flags>00000</flags>
</fact>
<fact>
  <subject>eniac</subject>
  <object>die erste programmgesteuerte rechenanlage</object>
  <verb>war</verb>
  <adverbs></adverbs>
  <extra></extra>
  <questionword></questionword>
  <truth>1.000000</truth>
  <flags>00000</flags>
</fact>
