<fact>
  <subject>diana</subject>
  <object></object>
  <verb>entspricht</verb>
  <adverbs>der griechischen goettin artemis</adverbs>
  <extra></extra>
  <questionword></questionword>
  <truth>1.000000</truth>
  <flags>00000</flags>
</fact>
<fact>
  <subject>merkur</subject>
  <object>der roemische gott des handels</object>
  <verb>heisst</verb>
  <adverbs></adverbs>
  <extra></extra>
  <questionword></questionword>
  <truth>1.000000</truth>
  <flags>00000</flags>
</fact>
<fact>
  <subject>aah</subject>
  <object>(a) der schoepfergoetter</object>
  <verb>is-a</verb>
  <adverbs>im alten aegypten</adverbs>
  <extra></extra>
  <questionword></questionword>
  <truth>1.000000</truth>
  <flags>00000</flags>
</fact>
<fact>
  <subject>acayoch</subject>
  <object>(the) kriegsgott</object>
  <verb>is-a</verb>
  <adverbs>(the) inkas</adverbs>
  <extra></extra>
  <questionword></questionword>
  <truth>1.000000</truth>
  <flags>00000</flags>
</fact>
<fact>
  <subject>aeolus</subject>
  <object>(the) roemische gott</object>
  <verb>is-a</verb>
  <adverbs>(the) winde</adverbs>
  <extra></extra>
  <questionword></questionword>
  <truth>1.000000</truth>
  <flags>00000</flags>
</fact>
<fact>
  <subject>aesculapius</subject>
  <object>(the) roemische gott</object>
  <verb>is-a</verb>
  <adverbs>(the) heilkunst</adverbs>
  <extra></extra>
  <questionword></questionword>
  <truth>1.000000</truth>
  <flags>00000</flags>
</fact>
<fact>
  <subject>aker</subject>
  <object>(a) erdgott der unterwelt</object>
  <verb>is-a</verb>
  <adverbs>im alten aegypten</adverbs>
  <extra></extra>
  <questionword></questionword>
  <truth>1.000000</truth>
  <flags>00000</flags>
</fact>
<fact>
  <subject>amaa</subject>
  <object>(a) unterweltgott</object>
  <verb>is-a</verb>
  <adverbs>im aegyptischen totenbuch</adverbs>
  <extra></extra>
  <questionword></questionword>
  <truth>1.000000</truth>
  <flags>00000</flags>
</fact>
<fact>
  <subject>amarr</subject>
  <object>(the) gott des regenbogens</object>
  <verb>is-a</verb>
  <adverbs>bei den inkas</adverbs>
  <extra></extra>
  <questionword></questionword>
  <truth>1.000000</truth>
  <flags>00000</flags>
</fact>
<fact>
  <subject>amaunet</subject>
  <object>(a) schlangenartige goettin der spaetzeit</object>
  <verb>is-a</verb>
  <adverbs></adverbs>
  <extra></extra>
  <questionword></questionword>
  <truth>1.000000</truth>
  <flags>00000</flags>
</fact>
<fact>
  <subject>amentet</subject>
  <object>(the) altaegyptische goettin des westens</object>
  <verb>is-a</verb>
  <adverbs></adverbs>
  <extra></extra>
  <questionword></questionword>
  <truth>1.000000</truth>
  <flags>00000</flags>
</fact>
<fact>
  <subject>ammit</subject>
  <object>(the) fresserin der verurteilten toten</object>
  <verb>is-a</verb>
  <adverbs></adverbs>
  <extra></extra>
  <questionword></questionword>
  <truth>1.000000</truth>
  <flags>00000</flags>
</fact>
<fact>
  <subject>amor</subject>
  <object>(the) roemische liebesgott</object>
  <verb>is-a</verb>
  <adverbs></adverbs>
  <extra></extra>
  <questionword></questionword>
  <truth>1.000000</truth>
  <flags>00000</flags>
</fact>
<fact>
  <subject>amset</subject>
  <object>(the) schutzgott der kanopen</object>
  <verb>is-a</verb>
  <adverbs></adverbs>
  <extra></extra>
  <questionword></questionword>
  <truth>1.000000</truth>
  <flags>00000</flags>
</fact>
<fact>
  <subject>amun</subject>
  <object>(a) der urgoetter der achtheit</object>
  <verb>is-a</verb>
  <adverbs>von hemopolis</adverbs>
  <extra></extra>
  <questionword></questionword>
  <truth>1.000000</truth>
  <flags>00000</flags>
</fact>
<fact>
  <subject>anat</subject>
  <object>(the) schutzgoettin der wilden tiere</object>
  <verb>is-a</verb>
  <adverbs></adverbs>
  <extra></extra>
  <questionword></questionword>
  <truth>1.000000</truth>
  <flags>00000</flags>
</fact>
<fact>
  <subject>anedjti</subject>
  <object>(the) ortsgott</object>
  <verb>is-a</verb>
  <adverbs>von anedjti</adverbs>
  <extra></extra>
  <questionword></questionword>
  <truth>1.000000</truth>
  <flags>00000</flags>
</fact>
<fact>
  <subject>anhor</subject>
  <object>(the) schutzgott der soldaten</object>
  <verb>is-a</verb>
  <adverbs></adverbs>
  <extra></extra>
  <questionword></questionword>
  <truth>1.000000</truth>
  <flags>00000</flags>
</fact>
<fact>
  <subject>anhuret</subject>
  <object>(the) lokalgottheit</object>
  <verb>is-a</verb>
  <adverbs>von leontopolis</adverbs>
  <extra></extra>
  <questionword></questionword>
  <truth>1.000000</truth>
  <flags>00000</flags>
</fact>
<fact>
  <subject>anubis</subject>
  <object>(the) aegyptische gott der totenriten</object>
  <verb>is-a</verb>
  <adverbs></adverbs>
  <extra></extra>
  <questionword></questionword>
  <truth>1.000000</truth>
  <flags>00000</flags>
</fact>
<fact>
  <subject>anuket</subject>
  <object>(a) nubische goettin</object>
  <verb>is-a</verb>
  <adverbs></adverbs>
  <extra></extra>
  <questionword></questionword>
  <truth>1.000000</truth>
  <flags>00000</flags>
</fact>
<fact>
  <subject>apis</subject>
  <object>(the) heilige stier</object>
  <verb>is-a</verb>
  <adverbs>von memphis</adverbs>
  <extra></extra>
  <questionword></questionword>
  <truth>1.000000</truth>
  <flags>00000</flags>
</fact>
<fact>
  <subject>apo</subject>
  <object>(a) berggott</object>
  <verb>is-a</verb>
  <adverbs>bei den inkas</adverbs>
  <extra></extra>
  <questionword></questionword>
  <truth>1.000000</truth>
  <flags>00000</flags>
</fact>
<fact>
  <subject>apophis</subject>
  <object>(a) schlangendaemon</object>
  <verb>is-a</verb>
  <adverbs></adverbs>
  <extra></extra>
  <questionword></questionword>
  <truth>1.000000</truth>
  <flags>00000</flags>
</fact>
<fact>
  <subject>apotequil</subject>
  <object>gott</object>
  <verb>ist</verb>
  <adverbs>der blitze bei den inkas</adverbs>
  <extra></extra>
  <questionword></questionword>
  <truth>1.000000</truth>
  <flags>00000</flags>
</fact>
<fact>
  <subject>apu</subject>
  <object>(a) berggott</object>
  <verb>is-a</verb>
  <adverbs>bei den inkas</adverbs>
  <extra></extra>
  <questionword></questionword>
  <truth>1.000000</truth>
  <flags>00000</flags>
</fact>
<fact>
  <subject>asch</subject>
  <object>(a) falkenkoepfiger gott</object>
  <verb>is-a</verb>
  <adverbs></adverbs>
  <extra></extra>
  <questionword></questionword>
  <truth>1.000000</truth>
  <flags>00000</flags>
</fact>
<fact>
  <subject>asklepios</subject>
  <object>(the) griechische gott</object>
  <verb>is-a</verb>
  <adverbs>(the) heilkunst</adverbs>
  <extra></extra>
  <questionword></questionword>
  <truth>1.000000</truth>
  <flags>00000</flags>
</fact>
<fact>
  <subject>aton</subject>
  <object>(a) sonnengott</object>
  <verb>is-a</verb>
  <adverbs></adverbs>
  <extra></extra>
  <questionword></questionword>
  <truth>1.000000</truth>
  <flags>00000</flags>
</fact>
<fact>
  <subject>atum</subject>
  <object>(a) schoepfergott aus heliopolis</object>
  <verb>is-a</verb>
  <adverbs></adverbs>
  <extra></extra>
  <questionword></questionword>
  <truth>1.000000</truth>
  <flags>00000</flags>
</fact>
<fact>
  <subject>aucha</subject>
  <object>(the) gott</object>
  <verb>is-a</verb>
  <adverbs>(the) gerechtigkeit bei den inkas</adverbs>
  <extra></extra>
  <questionword></questionword>
  <truth>1.000000</truth>
  <flags>00000</flags>
</fact>
<fact>
  <subject>aucha</subject>
  <object>(the) gott der vergeltung</object>
  <verb>is-a</verb>
  <adverbs>bei den inkas</adverbs>
  <extra></extra>
  <questionword></questionword>
  <truth>1.000000</truth>
  <flags>00000</flags>
</fact>
<fact>
  <subject>aurora</subject>
  <object>(the) roemische goettin</object>
  <verb>is-a</verb>
  <adverbs>(the) morgenroete</adverbs>
  <extra></extra>
  <questionword></questionword>
  <truth>1.000000</truth>
  <flags>00000</flags>
</fact>
<fact>
  <subject>babi</subject>
  <object>(a) daemonischer gott</object>
  <verb>is-a</verb>
  <adverbs>im alten aegypten</adverbs>
  <extra></extra>
  <questionword></questionword>
  <truth>1.000000</truth>
  <flags>00000</flags>
</fact>
<fact>
  <subject>bacchus</subject>
  <object>(the) roemische gott des weines</object>
  <verb>is-a</verb>
  <adverbs></adverbs>
  <extra></extra>
  <questionword></questionword>
  <truth>1.000000</truth>
  <flags>00000</flags>
</fact>
<fact>
  <subject>bacchus</subject>
  <object>(a) sohn</object>
  <verb>is-a</verb>
  <adverbs>von zeus und semele</adverbs>
  <extra></extra>
  <questionword></questionword>
  <truth>1.000000</truth>
  <flags>00000</flags>
</fact>
<fact>
  <subject>balder</subject>
  <object>(the) nordische gott des lichtes</object>
  <verb>is-a</verb>
  <adverbs></adverbs>
  <extra></extra>
  <questionword></questionword>
  <truth>1.000000</truth>
  <flags>00000</flags>
</fact>
<fact>
  <subject>balder</subject>
  <object>(the) sohn</object>
  <verb>is-a</verb>
  <adverbs>von odin</adverbs>
  <extra></extra>
  <questionword></questionword>
  <truth>1.000000</truth>
  <flags>00000</flags>
</fact>
<fact>
  <subject>ba pef</subject>
  <object>(a) eine boshafte gottheit</object>
  <verb>is-a</verb>
  <adverbs></adverbs>
  <extra></extra>
  <questionword></questionword>
  <truth>1.000000</truth>
  <flags>00000</flags>
</fact>
<fact>
  <subject>bastet</subject>
  <object>(a) fruchtbarkeitsgoettin</object>
  <verb>is-a</verb>
  <adverbs></adverbs>
  <extra></extra>
  <questionword></questionword>
  <truth>1.000000</truth>
  <flags>00000</flags>
</fact>
<fact>
  <subject>basti</subject>
  <object>einer der 42 totenrichter</object>
  <verb>ist</verb>
  <adverbs></adverbs>
  <extra></extra>
  <questionword></questionword>
  <truth>1.000000</truth>
  <flags>00000</flags>
</fact>
<fact>
  <subject>bata</subject>
  <object>(a) stiergottheit</object>
  <verb>is-a</verb>
  <adverbs></adverbs>
  <extra></extra>
  <questionword></questionword>
  <truth>1.000000</truth>
  <flags>00000</flags>
</fact>
<fact>
  <subject>bat</subject>
  <object>die lokalgoettin ein gaus</object>
  <verb>ist</verb>
  <adverbs></adverbs>
  <extra></extra>
  <questionword></questionword>
  <truth>1.000000</truth>
  <flags>00000</flags>
</fact>
<fact>
  <subject>bes</subject>
  <object>(a) zwergengott</object>
  <verb>is-a</verb>
  <adverbs></adverbs>
  <extra></extra>
  <questionword></questionword>
  <truth>1.000000</truth>
  <flags>00000</flags>
</fact>
<fact>
  <subject>bona dea</subject>
  <object>(the) roemische goettin</object>
  <verb>is-a</verb>
  <adverbs>(the) fruchtbarkeit</adverbs>
  <extra></extra>
  <questionword></questionword>
  <truth>1.000000</truth>
  <flags>00000</flags>
</fact>
<fact>
  <subject>buchis</subject>
  <object>(a) heiliger orakelstier</object>
  <verb>is-a</verb>
  <adverbs></adverbs>
  <extra></extra>
  <questionword></questionword>
  <truth>1.000000</truth>
  <flags>00000</flags>
</fact>
<fact>
  <subject>catequil</subject>
  <object>gott des donners</object>
  <verb>ist</verb>
  <adverbs>bei den inkas</adverbs>
  <extra></extra>
  <questionword></questionword>
  <truth>1.000000</truth>
  <flags>00000</flags>
</fact>
<fact>
  <subject>chascacollyo</subject>
  <object>(the) goettin</object>
  <verb>is-a</verb>
  <adverbs>(the) daemmerung bei den inkas</adverbs>
  <extra></extra>
  <questionword></questionword>
  <truth>1.000000</truth>
  <flags>00000</flags>
</fact>
<fact>
  <subject>chemy</subject>
  <object>(a) totenrichter</object>
  <verb>is-a</verb>
  <adverbs></adverbs>
  <extra></extra>
  <questionword></questionword>
  <truth>1.000000</truth>
  <flags>00000</flags>
</fact>
<fact>
  <subject>chentechtai</subject>
  <object>(a) lokalgott aus athribis</object>
  <verb>is-a</verb>
  <adverbs></adverbs>
  <extra></extra>
  <questionword></questionword>
  <truth>1.000000</truth>
  <flags>00000</flags>
</fact>
<fact>
  <subject>chepre</subject>
  <object>(a) sonnengott</object>
  <verb>is-a</verb>
  <adverbs></adverbs>
  <extra></extra>
  <questionword></questionword>
  <truth>1.000000</truth>
  <flags>00000</flags>
</fact>
<fact>
  <subject>cheribakef</subject>
  <object>(a) memphitischer baumgott</object>
  <verb>is-a</verb>
  <adverbs></adverbs>
  <extra></extra>
  <questionword></questionword>
  <truth>1.000000</truth>
  <flags>00000</flags>
</fact>
<fact>
  <subject>cherti</subject>
  <object>(a) gott der unterwelt</object>
  <verb>is-a</verb>
  <adverbs></adverbs>
  <extra></extra>
  <questionword></questionword>
  <truth>1.000000</truth>
  <flags>00000</flags>
</fact>
<fact>
  <subject>chnum</subject>
  <object>(a) widderkoepfiger schoepfergott</object>
  <verb>is-a</verb>
  <adverbs></adverbs>
  <extra></extra>
  <questionword></questionword>
  <truth>1.000000</truth>
  <flags>00000</flags>
</fact>
<fact>
  <subject>chons</subject>
  <object>(a) mondgott</object>
  <verb>is-a</verb>
  <adverbs></adverbs>
  <extra></extra>
  <questionword></questionword>
  <truth>1.000000</truth>
  <flags>00000</flags>
</fact>
<fact>
  <subject>cocomama</subject>
  <object>(the) goettin</object>
  <verb>is-a</verb>
  <adverbs>(the) gesundheit bei den inkas</adverbs>
  <extra></extra>
  <questionword></questionword>
  <truth>1.000000</truth>
  <flags>00000</flags>
</fact>
<fact>
  <subject>coniraya</subject>
  <object>(a) gottheit des mondes</object>
  <verb>is-a</verb>
  <adverbs>bei den inkas</adverbs>
  <extra></extra>
  <questionword></questionword>
  <truth>1.000000</truth>
  <flags>00000</flags>
</fact>
<fact>
  <subject>copacati</subject>
  <object>(a) seegoettin</object>
  <verb>is-a</verb>
  <adverbs>bei den inkas</adverbs>
  <extra></extra>
  <questionword></questionword>
  <truth>1.000000</truth>
  <flags>00000</flags>
</fact>
<fact>
  <subject>cuatahulya</subject>
  <object>(the) goetterbote</object>
  <verb>is-a</verb>
  <adverbs>bei den inkas</adverbs>
  <extra></extra>
  <questionword></questionword>
  <truth>1.000000</truth>
  <flags>00000</flags>
</fact>
<fact>
  <subject>dedwen</subject>
  <object>(a) nubischer gott</object>
  <verb>is-a</verb>
  <adverbs></adverbs>
  <extra></extra>
  <questionword></questionword>
  <truth>1.000000</truth>
  <flags>00000</flags>
</fact>
<fact>
  <subject>diana</subject>
  <object>(the) roemische jagdgoettin</object>
  <verb>is-a</verb>
  <adverbs></adverbs>
  <extra></extra>
  <questionword></questionword>
  <truth>1.000000</truth>
  <flags>00000</flags>
</fact>
<fact>
  <subject>dionysos</subject>
  <object>der griechische gott es weines</object>
  <verb>ist</verb>
  <adverbs></adverbs>
  <extra></extra>
  <questionword></questionword>
  <truth>1.000000</truth>
  <flags>00000</flags>
</fact>
<fact>
  <subject>duamutef</subject>
  <object>(a) schutzgott der kanopen</object>
  <verb>is-a</verb>
  <adverbs></adverbs>
  <extra></extra>
  <questionword></questionword>
  <truth>1.000000</truth>
  <flags>00000</flags>
</fact>
<fact>
  <subject>dunanui</subject>
  <object>(a) falkengott</object>
  <verb>is-a</verb>
  <adverbs></adverbs>
  <extra></extra>
  <questionword></questionword>
  <truth>1.000000</truth>
  <flags>00000</flags>
</fact>
<fact>
  <subject>(a) gansgott</subject>
  <object></object>
  <verb>is-a</verb>
  <adverbs></adverbs>
  <extra></extra>
  <questionword></questionword>
  <truth>1.000000</truth>
  <flags>00000</flags>
</fact>
<fact>
  <subject>ekkeko</subject>
  <object>(a) gott der feuerstelle</object>
  <verb>is-a</verb>
  <adverbs>bei den inkas</adverbs>
  <extra></extra>
  <questionword></questionword>
  <truth>1.000000</truth>
  <flags>00000</flags>
</fact>
<fact>
  <subject>ekkeko</subject>
  <object>(a) gott des reichtums</object>
  <verb>is-a</verb>
  <adverbs>bei den inkas</adverbs>
  <extra></extra>
  <questionword></questionword>
  <truth>1.000000</truth>
  <flags>00000</flags>
</fact>
<fact>
  <subject>eros</subject>
  <object>(the) griechische liebesgott</object>
  <verb>is-a</verb>
  <adverbs></adverbs>
  <extra></extra>
  <questionword></questionword>
  <truth>1.000000</truth>
  <flags>00000</flags>
</fact>
<fact>
  <subject>faunus</subject>
  <object>(the) gott</object>
  <verb>is-a</verb>
  <adverbs>(the) waelder und weiden</adverbs>
  <extra></extra>
  <questionword></questionword>
  <truth>1.000000</truth>
  <flags>00000</flags>
</fact>
<fact>
  <subject>fortuna</subject>
  <object>(the) roemische gluecksgoettin</object>
  <verb>is-a</verb>
  <adverbs></adverbs>
  <extra></extra>
  <questionword></questionword>
  <truth>1.000000</truth>
  <flags>00000</flags>
</fact>
<fact>
  <subject>freia</subject>
  <object>(the) nordische liebesgoettin</object>
  <verb>is-a</verb>
  <adverbs></adverbs>
  <extra></extra>
  <questionword></questionword>
  <truth>1.000000</truth>
  <flags>00000</flags>
</fact>
<fact>
  <subject>geb</subject>
  <object>(a) erdgott</object>
  <verb>is-a</verb>
  <adverbs></adverbs>
  <extra></extra>
  <questionword></questionword>
  <truth>1.000000</truth>
  <flags>00000</flags>
</fact>
<fact>
  <subject>hah</subject>
  <object>(the) gott der endlosigkeit</object>
  <verb>is-a</verb>
  <adverbs></adverbs>
  <extra></extra>
  <questionword></questionword>
  <truth>1.000000</truth>
  <flags>00000</flags>
</fact>
<fact>
  <subject>hapi</subject>
  <object>(a) schutzgott der kanopen</object>
  <verb>is-a</verb>
  <adverbs></adverbs>
  <extra></extra>
  <questionword></questionword>
  <truth>1.000000</truth>
  <flags>00000</flags>
</fact>
<fact>
  <subject>harachte</subject>
  <object>(the) gott der morgensonne</object>
  <verb>is-a</verb>
  <adverbs></adverbs>
  <extra></extra>
  <questionword></questionword>
  <truth>1.000000</truth>
  <flags>00000</flags>
</fact>
<fact>
  <subject>harendotes</subject>
  <object>(a) schutzgott</object>
  <verb>is-a</verb>
  <adverbs></adverbs>
  <extra></extra>
  <questionword></questionword>
  <truth>1.000000</truth>
  <flags>00000</flags>
</fact>
<fact>
  <subject>harpokrates</subject>
  <object>(a) fruchtbarkeitsgott</object>
  <verb>is-a</verb>
  <adverbs></adverbs>
  <extra></extra>
  <questionword></questionword>
  <truth>1.000000</truth>
  <flags>00000</flags>
</fact>
<fact>
  <subject>hathor</subject>
  <object>(the) goettin der liebe</object>
  <verb>is-a</verb>
  <adverbs></adverbs>
  <extra></extra>
  <questionword></questionword>
  <truth>1.000000</truth>
  <flags>00000</flags>
</fact>
<fact>
  <subject>heket</subject>
  <object>(the) goettin der geburt</object>
  <verb>is-a</verb>
  <adverbs></adverbs>
  <extra></extra>
  <questionword></questionword>
  <truth>1.000000</truth>
  <flags>00000</flags>
</fact>
<fact>
  <subject>helios</subject>
  <object>(the) roemische sonnengott</object>
  <verb>is-a</verb>
  <adverbs></adverbs>
  <extra></extra>
  <questionword></questionword>
  <truth>1.000000</truth>
  <flags>00000</flags>
</fact>
<fact>
  <subject>hera</subject>
  <object>(the) gemahlin</object>
  <verb>is-a</verb>
  <adverbs>von zeus</adverbs>
  <extra></extra>
  <questionword></questionword>
  <truth>1.000000</truth>
  <flags>00000</flags>
</fact>
<fact>
  <subject>herischef</subject>
  <object>(a) fruchtbarkeitsgott</object>
  <verb>is-a</verb>
  <adverbs></adverbs>
  <extra></extra>
  <questionword></questionword>
  <truth>1.000000</truth>
  <flags>00000</flags>
</fact>
<fact>
  <subject>hesat</subject>
  <object>(a) kuhgoettin</object>
  <verb>is-a</verb>
  <adverbs></adverbs>
  <extra></extra>
  <questionword></questionword>
  <truth>1.000000</truth>
  <flags>00000</flags>
</fact>
<fact>
  <subject>hetepbakef</subject>
  <object>(a) memphitische baumgottheit</object>
  <verb>is-a</verb>
  <adverbs></adverbs>
  <extra></extra>
  <questionword></questionword>
  <truth>1.000000</truth>
  <flags>00000</flags>
</fact>
<fact>
  <subject>horus</subject>
  <object>(the) beschuetzer der kinder</object>
  <verb>is-a</verb>
  <adverbs></adverbs>
  <extra></extra>
  <questionword></questionword>
  <truth>1.000000</truth>
  <flags>00000</flags>
</fact>
<fact>
  <subject>huitzilopochtli</subject>
  <object>(the) sonnengott</object>
  <verb>is-a</verb>
  <adverbs>(the) azteken</adverbs>
  <extra></extra>
  <questionword></questionword>
  <truth>1.000000</truth>
  <flags>00000</flags>
</fact>
<fact>
  <subject>igai</subject>
  <object>(the) herr der oasen</object>
  <verb>is-a</verb>
  <adverbs></adverbs>
  <extra></extra>
  <questionword></questionword>
  <truth>1.000000</truth>
  <flags>00000</flags>
</fact>
<fact>
  <subject>ihi</subject>
  <object>(the) gott der musik</object>
  <verb>is-a</verb>
  <adverbs></adverbs>
  <extra></extra>
  <questionword></questionword>
  <truth>1.000000</truth>
  <flags>00000</flags>
</fact>
<fact>
  <subject>inti</subject>
  <object>(the) sonnengott</object>
  <verb>is-a</verb>
  <adverbs>bei den inkas</adverbs>
  <extra></extra>
  <questionword></questionword>
  <truth>1.000000</truth>
  <flags>00000</flags>
</fact>
<fact>
  <subject>isfet</subject>
  <object>(the) gegenspielerin der goettin maat</object>
  <verb>is-a</verb>
  <adverbs></adverbs>
  <extra></extra>
  <questionword></questionword>
  <truth>1.000000</truth>
  <flags>00000</flags>
</fact>
<fact>
  <subject>isis</subject>
  <object>(the) schutzherrin der kinder</object>
  <verb>is-a</verb>
  <adverbs></adverbs>
  <extra></extra>
  <questionword></questionword>
  <truth>1.000000</truth>
  <flags>00000</flags>
</fact>
<fact>
  <subject>jah</subject>
  <object>(a) mondgott</object>
  <verb>is-a</verb>
  <adverbs></adverbs>
  <extra></extra>
  <questionword></questionword>
  <truth>1.000000</truth>
  <flags>00000</flags>
</fact>
<fact>
  <subject>jason</subject>
  <object>(the) gemahl</object>
  <verb>is-a</verb>
  <adverbs>von medea</adverbs>
  <extra></extra>
  <questionword></questionword>
  <truth>1.000000</truth>
  <flags>00000</flags>
</fact>
<fact>
  <subject>jupiter</subject>
  <object>(the) oberste roemische gott</object>
  <verb>is-a</verb>
  <adverbs></adverbs>
  <extra></extra>
  <questionword></questionword>
  <truth>1.000000</truth>
  <flags>00000</flags>
</fact>
<fact>
  <subject>juventas</subject>
  <object>(the) roemische goettin der jugend</object>
  <verb>is-a</verb>
  <adverbs></adverbs>
  <extra></extra>
  <questionword></questionword>
  <truth>1.000000</truth>
  <flags>00000</flags>
</fact>
<fact>
  <subject>kebechsenuef</subject>
  <object>(a) schutzgott der kanopen</object>
  <verb>is-a</verb>
  <adverbs></adverbs>
  <extra></extra>
  <questionword></questionword>
  <truth>1.000000</truth>
  <flags>00000</flags>
</fact>
<fact>
  <subject>kemuer</subject>
  <object>(a) stiergott aus athribis</object>
  <verb>is-a</verb>
  <adverbs></adverbs>
  <extra></extra>
  <questionword></questionword>
  <truth>1.000000</truth>
  <flags>00000</flags>
</fact>
<fact>
  <subject>kon</subject>
  <object>gott des regens</object>
  <verb>ist</verb>
  <adverbs>bei den inkas</adverbs>
  <extra></extra>
  <questionword></questionword>
  <truth>1.000000</truth>
  <flags>00000</flags>
</fact>
<fact>
  <subject>kuk</subject>
  <object>(a) urgott der finsternis</object>
  <verb>is-a</verb>
  <adverbs></adverbs>
  <extra></extra>
  <questionword></questionword>
  <truth>1.000000</truth>
  <flags>00000</flags>
</fact>
<fact>
  <subject>maat</subject>
  <object>(a) gott der gerechtigkeit</object>
  <verb>is-a</verb>
  <adverbs></adverbs>
  <extra></extra>
  <questionword></questionword>
  <truth>1.000000</truth>
  <flags>00000</flags>
</fact>
<fact>
  <subject>mafdet</subject>
  <object>(a) katzengoettin</object>
  <verb>is-a</verb>
  <adverbs></adverbs>
  <extra></extra>
  <questionword></questionword>
  <truth>1.000000</truth>
  <flags>00000</flags>
</fact>
<fact>
  <subject>mama allpa</subject>
  <object>(a) fruchtbarkeitsgoettin</object>
  <verb>is-a</verb>
  <adverbs>bei den inkas</adverbs>
  <extra></extra>
  <questionword></questionword>
  <truth>1.000000</truth>
  <flags>00000</flags>
</fact>
<fact>
  <subject>mama cocha</subject>
  <object>(the) goettin des meeres</object>
  <verb>is-a</verb>
  <adverbs>bei den inkas</adverbs>
  <extra></extra>
  <questionword></questionword>
  <truth>1.000000</truth>
  <flags>00000</flags>
</fact>
<fact>
  <subject>mama killa</subject>
  <object>(a) mondgoettin</object>
  <verb>is-a</verb>
  <adverbs>bei den inkas</adverbs>
  <extra></extra>
  <questionword></questionword>
  <truth>1.000000</truth>
  <flags>00000</flags>
</fact>
<fact>
  <subject>mandulis</subject>
  <object>(a) sonnengottheit</object>
  <verb>is-a</verb>
  <adverbs></adverbs>
  <extra></extra>
  <questionword></questionword>
  <truth>1.000000</truth>
  <flags>00000</flags>
</fact>
<fact>
  <subject>mars</subject>
  <object>(the) roemische kriegsgott</object>
  <verb>is-a</verb>
  <adverbs></adverbs>
  <extra></extra>
  <questionword></questionword>
  <truth>1.000000</truth>
  <flags>00000</flags>
</fact>
<fact>
  <subject>mehen</subject>
  <object>(a) schlangengott</object>
  <verb>is-a</verb>
  <adverbs></adverbs>
  <extra></extra>
  <questionword></questionword>
  <truth>1.000000</truth>
  <flags>00000</flags>
</fact>
<fact>
  <subject>menhit</subject>
  <object>(the) goettin des kampfes</object>
  <verb>is-a</verb>
  <adverbs></adverbs>
  <extra></extra>
  <questionword></questionword>
  <truth>1.000000</truth>
  <flags>00000</flags>
</fact>
<fact>
  <subject>min</subject>
  <object>(a) fruchtbarkeitsgott</object>
  <verb>is-a</verb>
  <adverbs></adverbs>
  <extra></extra>
  <questionword></questionword>
  <truth>1.000000</truth>
  <flags>00000</flags>
</fact>
<fact>
  <subject>minerva</subject>
  <object>(the) roemische goettin</object>
  <verb>is-a</verb>
  <adverbs>(the) weisheit</adverbs>
  <extra></extra>
  <questionword></questionword>
  <truth>1.000000</truth>
  <flags>00000</flags>
</fact>
<fact>
  <subject>mnevis</subject>
  <object>(the) stier</object>
  <verb>is-a</verb>
  <adverbs>von heliopolis</adverbs>
  <extra></extra>
  <questionword></questionword>
  <truth>1.000000</truth>
  <flags>00000</flags>
</fact>
<fact>
  <subject>morpheus</subject>
  <object>(the) griechische traumgott</object>
  <verb>is-a</verb>
  <adverbs></adverbs>
  <extra></extra>
  <questionword></questionword>
  <truth>1.000000</truth>
  <flags>00000</flags>
</fact>
<fact>
  <subject>nechbet</subject>
  <object>(the) schutzgoettin der pharaonen</object>
  <verb>is-a</verb>
  <adverbs></adverbs>
  <extra></extra>
  <questionword></questionword>
  <truth>1.000000</truth>
  <flags>00000</flags>
</fact>
<fact>
  <subject>nefertem</subject>
  <object>(the) gott der lotusblume</object>
  <verb>is-a</verb>
  <adverbs></adverbs>
  <extra></extra>
  <questionword></questionword>
  <truth>1.000000</truth>
  <flags>00000</flags>
</fact>
<fact>
  <subject>nehebkau</subject>
  <object>(the) waechter des jenseits</object>
  <verb>is-a</verb>
  <adverbs></adverbs>
  <extra></extra>
  <questionword></questionword>
  <truth>1.000000</truth>
  <flags>00000</flags>
</fact>
<fact>
  <subject>neper</subject>
  <object>(a) korngottheit</object>
  <verb>is-a</verb>
  <adverbs></adverbs>
  <extra></extra>
  <questionword></questionword>
  <truth>1.000000</truth>
  <flags>00000</flags>
</fact>
<fact>
  <subject>neptun</subject>
  <object>(the) roemische meeresgott</object>
  <verb>is-a</verb>
  <adverbs></adverbs>
  <extra></extra>
  <questionword></questionword>
  <truth>1.000000</truth>
  <flags>00000</flags>
</fact>
<fact>
  <subject>nike</subject>
  <object>(the) griechische siegesgoettin</object>
  <verb>is-a</verb>
  <adverbs></adverbs>
  <extra></extra>
  <questionword></questionword>
  <truth>1.000000</truth>
  <flags>00000</flags>
</fact>
<fact>
  <subject>nofrete</subject>
  <object>(the) frau</object>
  <verb>is-a</verb>
  <adverbs>von echnaton</adverbs>
  <extra></extra>
  <questionword></questionword>
  <truth>1.000000</truth>
  <flags>00000</flags>
</fact>
<fact>
  <subject>nut</subject>
  <object>(a) himmelsgoettin</object>
  <verb>is-a</verb>
  <adverbs></adverbs>
  <extra></extra>
  <questionword></questionword>
  <truth>1.000000</truth>
  <flags>00000</flags>
</fact>
<fact>
  <subject>odin</subject>
  <object>(the) oberhaupt</object>
  <verb>is-a</verb>
  <adverbs>(the) asen</adverbs>
  <extra></extra>
  <questionword></questionword>
  <truth>1.000000</truth>
  <flags>00000</flags>
</fact>
<fact>
  <subject>osiris</subject>
  <object>(the) gott des jenseits</object>
  <verb>is-a</verb>
  <adverbs></adverbs>
  <extra></extra>
  <questionword></questionword>
  <truth>1.000000</truth>
  <flags>00000</flags>
</fact>
<fact>
  <subject>pax</subject>
  <object>(the) roemische goettin des friedens</object>
  <verb>is-a</verb>
  <adverbs></adverbs>
  <extra></extra>
  <questionword></questionword>
  <truth>1.000000</truth>
  <flags>00000</flags>
</fact>
<fact>
  <subject>persephone</subject>
  <object>(the) griechische goettin</object>
  <verb>is-a</verb>
  <adverbs>(the) unterwelt</adverbs>
  <extra></extra>
  <questionword></questionword>
  <truth>1.000000</truth>
  <flags>00000</flags>
</fact>
<fact>
  <subject>poseidon</subject>
  <object>(the) griechische meeresgott</object>
  <verb>is-a</verb>
  <adverbs></adverbs>
  <extra></extra>
  <questionword></questionword>
  <truth>1.000000</truth>
  <flags>00000</flags>
</fact>
<fact>
  <subject>ra</subject>
  <object>(the) aegyptische sonnengott</object>
  <verb>is-a</verb>
  <adverbs></adverbs>
  <extra></extra>
  <questionword></questionword>
  <truth>1.000000</truth>
  <flags>00000</flags>
</fact>
<fact>
  <subject>re</subject>
  <object>(the) vater aller goetter</object>
  <verb>is-a</verb>
  <adverbs></adverbs>
  <extra></extra>
  <questionword></questionword>
  <truth>1.000000</truth>
  <flags>00000</flags>
</fact>
<fact>
  <subject>schai</subject>
  <object>(the) goettin des schicksals</object>
  <verb>is-a</verb>
  <adverbs></adverbs>
  <extra></extra>
  <questionword></questionword>
  <truth>1.000000</truth>
  <flags>00000</flags>
</fact>
<fact>
  <subject>seth</subject>
  <object>gott der wueste</object>
  <verb>ist</verb>
  <adverbs></adverbs>
  <extra></extra>
  <questionword></questionword>
  <truth>1.000000</truth>
  <flags>00000</flags>
</fact>
<fact>
  <subject>sokar</subject>
  <object>(a) der totengoetter</object>
  <verb>is-a</verb>
  <adverbs></adverbs>
  <extra></extra>
  <questionword></questionword>
  <truth>1.000000</truth>
  <flags>00000</flags>
</fact>
<fact>
  <subject>taweret</subject>
  <object>schutzgoettin der schwangeren frauen</object>
  <verb>ist</verb>
  <adverbs></adverbs>
  <extra></extra>
  <questionword></questionword>
  <truth>1.000000</truth>
  <flags>00000</flags>
</fact>
<fact>
  <subject>thor</subject>
  <object>(the) nordische gott des donners</object>
  <verb>is-a</verb>
  <adverbs></adverbs>
  <extra></extra>
  <questionword></questionword>
  <truth>1.000000</truth>
  <flags>00000</flags>
</fact>
<fact>
  <subject>vesta</subject>
  <object>(the) roemische goettin des herdfeuers</object>
  <verb>is-a</verb>
  <adverbs></adverbs>
  <extra></extra>
  <questionword></questionword>
  <truth>1.000000</truth>
  <flags>00000</flags>
</fact>
<fact>
  <subject>vesta</subject>
  <object>(a) kind</object>
  <verb>is-a</verb>
  <adverbs>von uranos und terra</adverbs>
  <extra></extra>
  <questionword></questionword>
  <truth>1.000000</truth>
  <flags>00000</flags>
</fact>
<fact>
  <subject>viracocha</subject>
  <object>(a) schoepfergott</object>
  <verb>is-a</verb>
  <adverbs>bei den inkas</adverbs>
  <extra></extra>
  <questionword></questionword>
  <truth>1.000000</truth>
  <flags>00000</flags>
</fact>
<fact>
  <subject>vulcanus</subject>
  <object>(the) roemische gott</object>
  <verb>is-a</verb>
  <adverbs>(the) vulkane</adverbs>
  <extra></extra>
  <questionword></questionword>
  <truth>1.000000</truth>
  <flags>00000</flags>
</fact>
<fact>
  <subject>zaramama</subject>
  <object>goettin des getreides</object>
  <verb>ist</verb>
  <adverbs>bei den inkas</adverbs>
  <extra></extra>
  <questionword></questionword>
  <truth>1.000000</truth>
  <flags>00000</flags>
</fact>
<fact>
  <subject>zeus</subject>
  <object>(the) griechische goettervater</object>
  <verb>is-a</verb>
  <adverbs></adverbs>
  <extra></extra>
  <questionword></questionword>
  <truth>1.000000</truth>
  <flags>00000</flags>
</fact>
<fact>
  <subject>zeus</subject>
  <object>(the) oberste griechische gott</object>
  <verb>is-a</verb>
  <adverbs></adverbs>
  <extra></extra>
  <questionword></questionword>
  <truth>1.000000</truth>
  <flags>00000</flags>
</fact>
<fact>
  <subject>die goettin iris</subject>
  <object>den regenbogen</object>
  <verb>personifiziert</verb>
  <adverbs></adverbs>
  <extra></extra>
  <questionword></questionword>
  <truth>1.000000</truth>
  <flags>00000</flags>
</fact>
<fact>
  <subject>die asen</subject>
  <object>eine goettersippe</object>
  <verb>sind</verb>
  <adverbs></adverbs>
  <extra></extra>
  <questionword></questionword>
  <truth>1.000000</truth>
  <flags>00000</flags>
</fact>
<fact>
  <subject>odin</subject>
  <object></object>
  <verb>steht</verb>
  <adverbs>an der spitze der nordischen goetterwelt</adverbs>
  <extra></extra>
  <questionword></questionword>
  <truth>1.000000</truth>
  <flags>00000</flags>
</fact>
<fact>
  <subject>theseus</subject>
  <object>den minotauros</object>
  <verb>toetete</verb>
  <adverbs></adverbs>
  <extra></extra>
  <questionword></questionword>
  <truth>1.000000</truth>
  <flags>00000</flags>
</fact>
<fact>
  <subject>acayoch</subject>
  <object>der kriegsgott</object>
  <verb>war</verb>
  <adverbs>der inkas</adverbs>
  <extra></extra>
  <questionword></questionword>
  <truth>1.000000</truth>
  <flags>00000</flags>
</fact>
<fact>
  <subject>aeolus</subject>
  <object>der roemische gott</object>
  <verb>war</verb>
  <adverbs>der winde</adverbs>
  <extra></extra>
  <questionword></questionword>
  <truth>1.000000</truth>
  <flags>00000</flags>
</fact>
<fact>
  <subject>aesculapius</subject>
  <object>der roemische gott</object>
  <verb>war</verb>
  <adverbs>der heilkunst</adverbs>
  <extra></extra>
  <questionword></questionword>
  <truth>1.000000</truth>
  <flags>00000</flags>
</fact>
<fact>
  <subject>aker</subject>
  <object>ein erdgott der unterwelt</object>
  <verb>war</verb>
  <adverbs>im alten aegypten</adverbs>
  <extra></extra>
  <questionword></questionword>
  <truth>1.000000</truth>
  <flags>00000</flags>
</fact>
<fact>
  <subject>amaa</subject>
  <object>ein unterweltgott</object>
  <verb>war</verb>
  <adverbs>im aegyptischen totenbuch</adverbs>
  <extra></extra>
  <questionword></questionword>
  <truth>1.000000</truth>
  <flags>00000</flags>
</fact>
<fact>
  <subject>amarr</subject>
  <object>der gott des regenbogens</object>
  <verb>war</verb>
  <adverbs>bei den inkas</adverbs>
  <extra></extra>
  <questionword></questionword>
  <truth>1.000000</truth>
  <flags>00000</flags>
</fact>
<fact>
  <subject>amaunet</subject>
  <object>eine schlangenartige goettin der spaetzeit</object>
  <verb>war</verb>
  <adverbs></adverbs>
  <extra></extra>
  <questionword></questionword>
  <truth>1.000000</truth>
  <flags>00000</flags>
</fact>
<fact>
  <subject>amentet</subject>
  <object>die altaegyptische goettin des westens</object>
  <verb>war</verb>
  <adverbs></adverbs>
  <extra></extra>
  <questionword></questionword>
  <truth>1.000000</truth>
  <flags>00000</flags>
</fact>
<fact>
  <subject>ammit</subject>
  <object>die fresserin der verurteilten toten</object>
  <verb>war</verb>
  <adverbs></adverbs>
  <extra></extra>
  <questionword></questionword>
  <truth>1.000000</truth>
  <flags>00000</flags>
</fact>
<fact>
  <subject>amor</subject>
  <object>der roemische liebesgott</object>
  <verb>war</verb>
  <adverbs></adverbs>
  <extra></extra>
  <questionword></questionword>
  <truth>1.000000</truth>
  <flags>00000</flags>
</fact>
<fact>
  <subject>amset</subject>
  <object>der schutzgott der kanopen</object>
  <verb>war</verb>
  <adverbs></adverbs>
  <extra></extra>
  <questionword></questionword>
  <truth>1.000000</truth>
  <flags>00000</flags>
</fact>
<fact>
  <subject>amun</subject>
  <object>eine der urgoetter der achtheit</object>
  <verb>war</verb>
  <adverbs>von hemopolis</adverbs>
  <extra></extra>
  <questionword></questionword>
  <truth>1.000000</truth>
  <flags>00000</flags>
</fact>
<fact>
  <subject>anat</subject>
  <object>die schutzgoettin der wilden tiere</object>
  <verb>war</verb>
  <adverbs></adverbs>
  <extra></extra>
  <questionword></questionword>
  <truth>1.000000</truth>
  <flags>00000</flags>
</fact>
<fact>
  <subject>anedjti</subject>
  <object>der ortsgott</object>
  <verb>war</verb>
  <adverbs>von anedjti</adverbs>
  <extra></extra>
  <questionword></questionword>
  <truth>1.000000</truth>
  <flags>00000</flags>
</fact>
<fact>
  <subject>anhor</subject>
  <object>der schutzgott der soldaten</object>
  <verb>war</verb>
  <adverbs></adverbs>
  <extra></extra>
  <questionword></questionword>
  <truth>1.000000</truth>
  <flags>00000</flags>
</fact>
<fact>
  <subject>anhuret</subject>
  <object>die lokalgottheit</object>
  <verb>war</verb>
  <adverbs>von leontopolis</adverbs>
  <extra></extra>
  <questionword></questionword>
  <truth>1.000000</truth>
  <flags>00000</flags>
</fact>
<fact>
  <subject>anubis</subject>
  <object>der aegyptische gott der totenriten</object>
  <verb>war</verb>
  <adverbs></adverbs>
  <extra></extra>
  <questionword></questionword>
  <truth>1.000000</truth>
  <flags>00000</flags>
</fact>
<fact>
  <subject>anuket</subject>
  <object>eine nubische goettin</object>
  <verb>war</verb>
  <adverbs></adverbs>
  <extra></extra>
  <questionword></questionword>
  <truth>1.000000</truth>
  <flags>00000</flags>
</fact>
<fact>
  <subject>apis</subject>
  <object>der heilige stier</object>
  <verb>war</verb>
  <adverbs>von memphis</adverbs>
  <extra></extra>
  <questionword></questionword>
  <truth>1.000000</truth>
  <flags>00000</flags>
</fact>
<fact>
  <subject>apo</subject>
  <object>ein berggott</object>
  <verb>war</verb>
  <adverbs>bei den inkas</adverbs>
  <extra></extra>
  <questionword></questionword>
  <truth>1.000000</truth>
  <flags>00000</flags>
</fact>
<fact>
  <subject>apophis</subject>
  <object>ein schlangendaemon</object>
  <verb>war</verb>
  <adverbs></adverbs>
  <extra></extra>
  <questionword></questionword>
  <truth>1.000000</truth>
  <flags>00000</flags>
</fact>
<fact>
  <subject>apotequil</subject>
  <object>gott</object>
  <verb>war</verb>
  <adverbs>der blitze bei den inkas</adverbs>
  <extra></extra>
  <questionword></questionword>
  <truth>1.000000</truth>
  <flags>00000</flags>
</fact>
<fact>
  <subject>apu</subject>
  <object>ein berggott</object>
  <verb>war</verb>
  <adverbs>bei den inkas</adverbs>
  <extra></extra>
  <questionword></questionword>
  <truth>1.000000</truth>
  <flags>00000</flags>
</fact>
<fact>
  <subject>asch</subject>
  <object>ein falkenkoepfiger gott</object>
  <verb>war</verb>
  <adverbs></adverbs>
  <extra></extra>
  <questionword></questionword>
  <truth>1.000000</truth>
  <flags>00000</flags>
</fact>
<fact>
  <subject>asklepios</subject>
  <object>der griechische gott</object>
  <verb>war</verb>
  <adverbs>der heilkunst</adverbs>
  <extra></extra>
  <questionword></questionword>
  <truth>1.000000</truth>
  <flags>00000</flags>
</fact>
<fact>
  <subject>asklepios</subject>
  <object>ein griechischer gott</object>
  <verb>war</verb>
  <adverbs>der medizin</adverbs>
  <extra></extra>
  <questionword></questionword>
  <truth>1.000000</truth>
  <flags>00000</flags>
</fact>
<fact>
  <subject>aton</subject>
  <object>ein sonnengott</object>
  <verb>war</verb>
  <adverbs></adverbs>
  <extra></extra>
  <questionword></questionword>
  <truth>1.000000</truth>
  <flags>00000</flags>
</fact>
<fact>
  <subject>atum</subject>
  <object>ein schoepfergott aus heliopolis</object>
  <verb>war</verb>
  <adverbs></adverbs>
  <extra></extra>
  <questionword></questionword>
  <truth>1.000000</truth>
  <flags>00000</flags>
</fact>
<fact>
  <subject>aucha</subject>
  <object>der gott</object>
  <verb>war</verb>
  <adverbs>der gerechtigkeit bei den inkas</adverbs>
  <extra></extra>
  <questionword></questionword>
  <truth>1.000000</truth>
  <flags>00000</flags>
</fact>
<fact>
  <subject>aucha</subject>
  <object>der gott der vergeltung</object>
  <verb>war</verb>
  <adverbs>bei den inkas</adverbs>
  <extra></extra>
  <questionword></questionword>
  <truth>1.000000</truth>
  <flags>00000</flags>
</fact>
<fact>
  <subject>aurora</subject>
  <object>die roemische goettin</object>
  <verb>war</verb>
  <adverbs>der morgenroete</adverbs>
  <extra></extra>
  <questionword></questionword>
  <truth>1.000000</truth>
  <flags>00000</flags>
</fact>
<fact>
  <subject>babi</subject>
  <object>ein daemonischer gott</object>
  <verb>war</verb>
  <adverbs>im alten aegypten</adverbs>
  <extra></extra>
  <questionword></questionword>
  <truth>1.000000</truth>
  <flags>00000</flags>
</fact>
<fact>
  <subject>bacchus</subject>
  <object>der roemische gott des weines</object>
  <verb>war</verb>
  <adverbs></adverbs>
  <extra></extra>
  <questionword></questionword>
  <truth>1.000000</truth>
  <flags>00000</flags>
</fact>
<fact>
  <subject>balder</subject>
  <object>der nordische gott des lichtes</object>
  <verb>war</verb>
  <adverbs></adverbs>
  <extra></extra>
  <questionword></questionword>
  <truth>1.000000</truth>
  <flags>00000</flags>
</fact>
<fact>
  <subject>balder</subject>
  <object>der sohn</object>
  <verb>war</verb>
  <adverbs>von odin</adverbs>
  <extra></extra>
  <questionword></questionword>
  <truth>1.000000</truth>
  <flags>00000</flags>
</fact>
<fact>
  <subject>ba pef</subject>
  <object>ein eine boshafte gottheit</object>
  <verb>war</verb>
  <adverbs></adverbs>
  <extra></extra>
  <questionword></questionword>
  <truth>1.000000</truth>
  <flags>00000</flags>
</fact>
<fact>
  <subject>bastet</subject>
  <object>eine fruchtbarkeitsgoettin</object>
  <verb>war</verb>
  <adverbs></adverbs>
  <extra></extra>
  <questionword></questionword>
  <truth>1.000000</truth>
  <flags>00000</flags>
</fact>
<fact>
  <subject>basti</subject>
  <object>einer der 42 totenrichter</object>
  <verb>war</verb>
  <adverbs></adverbs>
  <extra></extra>
  <questionword></questionword>
  <truth>1.000000</truth>
  <flags>00000</flags>
</fact>
<fact>
  <subject>bata</subject>
  <object>eine stiergottheit</object>
  <verb>war</verb>
  <adverbs></adverbs>
  <extra></extra>
  <questionword></questionword>
  <truth>1.000000</truth>
  <flags>00000</flags>
</fact>
<fact>
  <subject>bat</subject>
  <object>die lokalgoettin ein gaus</object>
  <verb>war</verb>
  <adverbs></adverbs>
  <extra></extra>
  <questionword></questionword>
  <truth>1.000000</truth>
  <flags>00000</flags>
</fact>
<fact>
  <subject>bes</subject>
  <object>ein zwergengott</object>
  <verb>war</verb>
  <adverbs></adverbs>
  <extra></extra>
  <questionword></questionword>
  <truth>1.000000</truth>
  <flags>00000</flags>
</fact>
<fact>
  <subject>bona dea</subject>
  <object>die roemische goettin</object>
  <verb>war</verb>
  <adverbs>der fruchtbarkeit</adverbs>
  <extra></extra>
  <questionword></questionword>
  <truth>1.000000</truth>
  <flags>00000</flags>
</fact>
<fact>
  <subject>buchis</subject>
  <object>ein heiliger orakelstier</object>
  <verb>war</verb>
  <adverbs></adverbs>
  <extra></extra>
  <questionword></questionword>
  <truth>1.000000</truth>
  <flags>00000</flags>
</fact>
<fact>
  <subject>catequil</subject>
  <object>gott des donners</object>
  <verb>war</verb>
  <adverbs>bei den inkas</adverbs>
  <extra></extra>
  <questionword></questionword>
  <truth>1.000000</truth>
  <flags>00000</flags>
</fact>
<fact>
  <subject>chascacollyo</subject>
  <object>die goettin</object>
  <verb>war</verb>
  <adverbs>der daemmerung bei den inkas</adverbs>
  <extra></extra>
  <questionword></questionword>
  <truth>1.000000</truth>
  <flags>00000</flags>
</fact>
<fact>
  <subject>chemy</subject>
  <object>ein totenrichter</object>
  <verb>war</verb>
  <adverbs></adverbs>
  <extra></extra>
  <questionword></questionword>
  <truth>1.000000</truth>
  <flags>00000</flags>
</fact>
<fact>
  <subject>chentechtai</subject>
  <object>ein lokalgott aus athribis</object>
  <verb>war</verb>
  <adverbs></adverbs>
  <extra></extra>
  <questionword></questionword>
  <truth>1.000000</truth>
  <flags>00000</flags>
</fact>
<fact>
  <subject>chepre</subject>
  <object>ein sonnengott</object>
  <verb>war</verb>
  <adverbs></adverbs>
  <extra></extra>
  <questionword></questionword>
  <truth>1.000000</truth>
  <flags>00000</flags>
</fact>
<fact>
  <subject>cheribakef</subject>
  <object>ein memphitischer baumgott</object>
  <verb>war</verb>
  <adverbs></adverbs>
  <extra></extra>
  <questionword></questionword>
  <truth>1.000000</truth>
  <flags>00000</flags>
</fact>
<fact>
  <subject>cherti</subject>
  <object>ein gott der unterwelt</object>
  <verb>war</verb>
  <adverbs></adverbs>
  <extra></extra>
  <questionword></questionword>
  <truth>1.000000</truth>
  <flags>00000</flags>
</fact>
<fact>
  <subject>chnum</subject>
  <object>ein widderkoepfiger schoepfergott</object>
  <verb>war</verb>
  <adverbs></adverbs>
  <extra></extra>
  <questionword></questionword>
  <truth>1.000000</truth>
  <flags>00000</flags>
</fact>
<fact>
  <subject>chons</subject>
  <object>ein mondgott</object>
  <verb>war</verb>
  <adverbs></adverbs>
  <extra></extra>
  <questionword></questionword>
  <truth>1.000000</truth>
  <flags>00000</flags>
</fact>
<fact>
  <subject>cocomama</subject>
  <object>die goettin</object>
  <verb>war</verb>
  <adverbs>der gesundheit bei den inkas</adverbs>
  <extra></extra>
  <questionword></questionword>
  <truth>1.000000</truth>
  <flags>00000</flags>
</fact>
<fact>
  <subject>coniraya</subject>
  <object>eine gottheit des mondes</object>
  <verb>war</verb>
  <adverbs>bei den inkas</adverbs>
  <extra></extra>
  <questionword></questionword>
  <truth>1.000000</truth>
  <flags>00000</flags>
</fact>
<fact>
  <subject>copacati</subject>
  <object>eine seegoettin</object>
  <verb>war</verb>
  <adverbs>bei den inkas</adverbs>
  <extra></extra>
  <questionword></questionword>
  <truth>1.000000</truth>
  <flags>00000</flags>
</fact>
<fact>
  <subject>cuatahulya</subject>
  <object>der goetterbote</object>
  <verb>war</verb>
  <adverbs>bei den inkas</adverbs>
  <extra></extra>
  <questionword></questionword>
  <truth>1.000000</truth>
  <flags>00000</flags>
</fact>
<fact>
  <subject>dedwen</subject>
  <object>ein nubischer gott</object>
  <verb>war</verb>
  <adverbs></adverbs>
  <extra></extra>
  <questionword></questionword>
  <truth>1.000000</truth>
  <flags>00000</flags>
</fact>
<fact>
  <subject>diana</subject>
  <object>die roemische jagdgoettin</object>
  <verb>war</verb>
  <adverbs></adverbs>
  <extra></extra>
  <questionword></questionword>
  <truth>1.000000</truth>
  <flags>00000</flags>
</fact>
<fact>
  <subject>dionysos</subject>
  <object>der griechische gott es weines</object>
  <verb>war</verb>
  <adverbs></adverbs>
  <extra></extra>
  <questionword></questionword>
  <truth>1.000000</truth>
  <flags>00000</flags>
</fact>
<fact>
  <subject>duamutef</subject>
  <object>ein schutzgott der kanopen</object>
  <verb>war</verb>
  <adverbs></adverbs>
  <extra></extra>
  <questionword></questionword>
  <truth>1.000000</truth>
  <flags>00000</flags>
</fact>
<fact>
  <subject>dunanui</subject>
  <object>ein falkengott</object>
  <verb>war</verb>
  <adverbs></adverbs>
  <extra></extra>
  <questionword></questionword>
  <truth>1.000000</truth>
  <flags>00000</flags>
</fact>
<fact>
  <subject>ein gansgott</subject>
  <object></object>
  <verb>war</verb>
  <adverbs></adverbs>
  <extra></extra>
  <questionword></questionword>
  <truth>1.000000</truth>
  <flags>00000</flags>
</fact>
<fact>
  <subject>ekkeko</subject>
  <object>ein gott der feuerstelle</object>
  <verb>war</verb>
  <adverbs>bei den inkas</adverbs>
  <extra></extra>
  <questionword></questionword>
  <truth>1.000000</truth>
  <flags>00000</flags>
</fact>
<fact>
  <subject>ekkeko</subject>
  <object>ein gott des reichtums</object>
  <verb>war</verb>
  <adverbs>bei den inkas</adverbs>
  <extra></extra>
  <questionword></questionword>
  <truth>1.000000</truth>
  <flags>00000</flags>
</fact>
<fact>
  <subject>eros</subject>
  <object>der griechische liebesgott</object>
  <verb>war</verb>
  <adverbs></adverbs>
  <extra></extra>
  <questionword></questionword>
  <truth>1.000000</truth>
  <flags>00000</flags>
</fact>
<fact>
  <subject>faunus</subject>
  <object>der gott</object>
  <verb>war</verb>
  <adverbs>der waelder und weiden</adverbs>
  <extra></extra>
  <questionword></questionword>
  <truth>1.000000</truth>
  <flags>00000</flags>
</fact>
<fact>
  <subject>fortuna</subject>
  <object>die roemische gluecksgoettin</object>
  <verb>war</verb>
  <adverbs></adverbs>
  <extra></extra>
  <questionword></questionword>
  <truth>1.000000</truth>
  <flags>00000</flags>
</fact>
<fact>
  <subject>freia</subject>
  <object>die nordische liebesgoettin</object>
  <verb>war</verb>
  <adverbs></adverbs>
  <extra></extra>
  <questionword></questionword>
  <truth>1.000000</truth>
  <flags>00000</flags>
</fact>
<fact>
  <subject>geb</subject>
  <object>ein erdgott</object>
  <verb>war</verb>
  <adverbs></adverbs>
  <extra></extra>
  <questionword></questionword>
  <truth>1.000000</truth>
  <flags>00000</flags>
</fact>
<fact>
  <subject>hah</subject>
  <object>der gott der endlosigkeit</object>
  <verb>war</verb>
  <adverbs></adverbs>
  <extra></extra>
  <questionword></questionword>
  <truth>1.000000</truth>
  <flags>00000</flags>
</fact>
<fact>
  <subject>hapi</subject>
  <object>ein schutzgott der kanopen</object>
  <verb>war</verb>
  <adverbs></adverbs>
  <extra></extra>
  <questionword></questionword>
  <truth>1.000000</truth>
  <flags>00000</flags>
</fact>
<fact>
  <subject>harachte</subject>
  <object>der gott der morgensonne</object>
  <verb>war</verb>
  <adverbs></adverbs>
  <extra></extra>
  <questionword></questionword>
  <truth>1.000000</truth>
  <flags>00000</flags>
</fact>
<fact>
  <subject>harendotes</subject>
  <object>ein schutzgott</object>
  <verb>war</verb>
  <adverbs></adverbs>
  <extra></extra>
  <questionword></questionword>
  <truth>1.000000</truth>
  <flags>00000</flags>
</fact>
<fact>
  <subject>harpokrates</subject>
  <object>ein fruchtbarkeitsgott</object>
  <verb>war</verb>
  <adverbs></adverbs>
  <extra></extra>
  <questionword></questionword>
  <truth>1.000000</truth>
  <flags>00000</flags>
</fact>
<fact>
  <subject>hathor</subject>
  <object>die goettin der liebe</object>
  <verb>war</verb>
  <adverbs></adverbs>
  <extra></extra>
  <questionword></questionword>
  <truth>1.000000</truth>
  <flags>00000</flags>
</fact>
<fact>
  <subject>heket</subject>
  <object>die goettin der geburt</object>
  <verb>war</verb>
  <adverbs></adverbs>
  <extra></extra>
  <questionword></questionword>
  <truth>1.000000</truth>
  <flags>00000</flags>
</fact>
<fact>
  <subject>helios</subject>
  <object>der roemische sonnengott</object>
  <verb>war</verb>
  <adverbs></adverbs>
  <extra></extra>
  <questionword></questionword>
  <truth>1.000000</truth>
  <flags>00000</flags>
</fact>
<fact>
  <subject>hera</subject>
  <object>die gemahlin</object>
  <verb>war</verb>
  <adverbs>von zeus</adverbs>
  <extra></extra>
  <questionword></questionword>
  <truth>1.000000</truth>
  <flags>00000</flags>
</fact>
<fact>
  <subject>herischef</subject>
  <object>ein fruchtbarkeitsgott</object>
  <verb>war</verb>
  <adverbs></adverbs>
  <extra></extra>
  <questionword></questionword>
  <truth>1.000000</truth>
  <flags>00000</flags>
</fact>
<fact>
  <subject>hesat</subject>
  <object>eine kuhgoettin</object>
  <verb>war</verb>
  <adverbs></adverbs>
  <extra></extra>
  <questionword></questionword>
  <truth>1.000000</truth>
  <flags>00000</flags>
</fact>
<fact>
  <subject>hetepbakef</subject>
  <object>eine memphitische baumgottheit</object>
  <verb>war</verb>
  <adverbs></adverbs>
  <extra></extra>
  <questionword></questionword>
  <truth>1.000000</truth>
  <flags>00000</flags>
</fact>
<fact>
  <subject>horus</subject>
  <object>der beschuetzer der kinder</object>
  <verb>war</verb>
  <adverbs></adverbs>
  <extra></extra>
  <questionword></questionword>
  <truth>1.000000</truth>
  <flags>00000</flags>
</fact>
<fact>
  <subject>huitzilopochtli</subject>
  <object>der sonnengott</object>
  <verb>war</verb>
  <adverbs>der azteken</adverbs>
  <extra></extra>
  <questionword></questionword>
  <truth>1.000000</truth>
  <flags>00000</flags>
</fact>
<fact>
  <subject>igai</subject>
  <object>der herr der oasen</object>
  <verb>war</verb>
  <adverbs></adverbs>
  <extra></extra>
  <questionword></questionword>
  <truth>1.000000</truth>
  <flags>00000</flags>
</fact>
<fact>
  <subject>ihi</subject>
  <object>der gott der musik</object>
  <verb>war</verb>
  <adverbs></adverbs>
  <extra></extra>
  <questionword></questionword>
  <truth>1.000000</truth>
  <flags>00000</flags>
</fact>
<fact>
  <subject>inti</subject>
  <object>der sonnengott</object>
  <verb>war</verb>
  <adverbs>bei den inkas</adverbs>
  <extra></extra>
  <questionword></questionword>
  <truth>1.000000</truth>
  <flags>00000</flags>
</fact>
<fact>
  <subject>isfet</subject>
  <object>die gegenspielerin der goettin maat</object>
  <verb>war</verb>
  <adverbs></adverbs>
  <extra></extra>
  <questionword></questionword>
  <truth>1.000000</truth>
  <flags>00000</flags>
</fact>
<fact>
  <subject>isis</subject>
  <object>die schutzherrin der kinder</object>
  <verb>war</verb>
  <adverbs></adverbs>
  <extra></extra>
  <questionword></questionword>
  <truth>1.000000</truth>
  <flags>00000</flags>
</fact>
<fact>
  <subject>jah</subject>
  <object>ein mondgott</object>
  <verb>war</verb>
  <adverbs></adverbs>
  <extra></extra>
  <questionword></questionword>
  <truth>1.000000</truth>
  <flags>00000</flags>
</fact>
<fact>
  <subject>jason</subject>
  <object>der gemahl</object>
  <verb>war</verb>
  <adverbs>von medea</adverbs>
  <extra></extra>
  <questionword></questionword>
  <truth>1.000000</truth>
  <flags>00000</flags>
</fact>
<fact>
  <subject>jupiter</subject>
  <object>der oberste roemische gott</object>
  <verb>war</verb>
  <adverbs></adverbs>
  <extra></extra>
  <questionword></questionword>
  <truth>1.000000</truth>
  <flags>00000</flags>
</fact>
<fact>
  <subject>juventas</subject>
  <object>die roemische goettin der jugend</object>
  <verb>war</verb>
  <adverbs></adverbs>
  <extra></extra>
  <questionword></questionword>
  <truth>1.000000</truth>
  <flags>00000</flags>
</fact>
<fact>
  <subject>kebechsenuef</subject>
  <object>ein schutzgott der kanopen</object>
  <verb>war</verb>
  <adverbs></adverbs>
  <extra></extra>
  <questionword></questionword>
  <truth>1.000000</truth>
  <flags>00000</flags>
</fact>
<fact>
  <subject>kemuer</subject>
  <object>ein stiergott aus athribis</object>
  <verb>war</verb>
  <adverbs></adverbs>
  <extra></extra>
  <questionword></questionword>
  <truth>1.000000</truth>
  <flags>00000</flags>
</fact>
<fact>
  <subject>kon</subject>
  <object>gott des regens</object>
  <verb>war</verb>
  <adverbs>bei den inkas</adverbs>
  <extra></extra>
  <questionword></questionword>
  <truth>1.000000</truth>
  <flags>00000</flags>
</fact>
<fact>
  <subject>kuk</subject>
  <object>ein urgott der finsternis</object>
  <verb>war</verb>
  <adverbs></adverbs>
  <extra></extra>
  <questionword></questionword>
  <truth>1.000000</truth>
  <flags>00000</flags>
</fact>
<fact>
  <subject>maat</subject>
  <object>ein gott der gerechtigkeit</object>
  <verb>war</verb>
  <adverbs></adverbs>
  <extra></extra>
  <questionword></questionword>
  <truth>1.000000</truth>
  <flags>00000</flags>
</fact>
<fact>
  <subject>mafdet</subject>
  <object>eine katzengoettin</object>
  <verb>war</verb>
  <adverbs></adverbs>
  <extra></extra>
  <questionword></questionword>
  <truth>1.000000</truth>
  <flags>00000</flags>
</fact>
<fact>
  <subject>mama allpa</subject>
  <object>eine fruchtbarkeitsgoettin</object>
  <verb>war</verb>
  <adverbs>bei den inkas</adverbs>
  <extra></extra>
  <questionword></questionword>
  <truth>1.000000</truth>
  <flags>00000</flags>
</fact>
<fact>
  <subject>mama cocha</subject>
  <object>die goettin des meeres</object>
  <verb>war</verb>
  <adverbs>bei den inkas</adverbs>
  <extra></extra>
  <questionword></questionword>
  <truth>1.000000</truth>
  <flags>00000</flags>
</fact>
<fact>
  <subject>mama killa</subject>
  <object>eine mondgoettin</object>
  <verb>war</verb>
  <adverbs>bei den inkas</adverbs>
  <extra></extra>
  <questionword></questionword>
  <truth>1.000000</truth>
  <flags>00000</flags>
</fact>
<fact>
  <subject>mandulis</subject>
  <object>eine sonnengottheit</object>
  <verb>war</verb>
  <adverbs></adverbs>
  <extra></extra>
  <questionword></questionword>
  <truth>1.000000</truth>
  <flags>00000</flags>
</fact>
<fact>
  <subject>mars</subject>
  <object>der roemische kriegsgott</object>
  <verb>war</verb>
  <adverbs></adverbs>
  <extra></extra>
  <questionword></questionword>
  <truth>1.000000</truth>
  <flags>00000</flags>
</fact>
<fact>
  <subject>mehen</subject>
  <object>ein schlangengott</object>
  <verb>war</verb>
  <adverbs></adverbs>
  <extra></extra>
  <questionword></questionword>
  <truth>1.000000</truth>
  <flags>00000</flags>
</fact>
<fact>
  <subject>menhit</subject>
  <object>die goettin des kampfes</object>
  <verb>war</verb>
  <adverbs></adverbs>
  <extra></extra>
  <questionword></questionword>
  <truth>1.000000</truth>
  <flags>00000</flags>
</fact>
<fact>
  <subject>min</subject>
  <object>ein fruchtbarkeitsgott</object>
  <verb>war</verb>
  <adverbs></adverbs>
  <extra></extra>
  <questionword></questionword>
  <truth>1.000000</truth>
  <flags>00000</flags>
</fact>
<fact>
  <subject>minerva</subject>
  <object>die roemische goettin</object>
  <verb>war</verb>
  <adverbs>der weisheit</adverbs>
  <extra></extra>
  <questionword></questionword>
  <truth>1.000000</truth>
  <flags>00000</flags>
</fact>
<fact>
  <subject>mnevis</subject>
  <object>der stier</object>
  <verb>war</verb>
  <adverbs>von heliopolis</adverbs>
  <extra></extra>
  <questionword></questionword>
  <truth>1.000000</truth>
  <flags>00000</flags>
</fact>
<fact>
  <subject>morpheus</subject>
  <object>der griechische traumgott</object>
  <verb>war</verb>
  <adverbs></adverbs>
  <extra></extra>
  <questionword></questionword>
  <truth>1.000000</truth>
  <flags>00000</flags>
</fact>
<fact>
  <subject>nechbet</subject>
  <object>die schutzgoettin der pharaonen</object>
  <verb>war</verb>
  <adverbs></adverbs>
  <extra></extra>
  <questionword></questionword>
  <truth>1.000000</truth>
  <flags>00000</flags>
</fact>
<fact>
  <subject>nefertem</subject>
  <object>der gott der lotusblume</object>
  <verb>war</verb>
  <adverbs></adverbs>
  <extra></extra>
  <questionword></questionword>
  <truth>1.000000</truth>
  <flags>00000</flags>
</fact>
<fact>
  <subject>nehebkau</subject>
  <object>der waechter des jenseits</object>
  <verb>war</verb>
  <adverbs></adverbs>
  <extra></extra>
  <questionword></questionword>
  <truth>1.000000</truth>
  <flags>00000</flags>
</fact>
<fact>
  <subject>neper</subject>
  <object>eine korngottheit</object>
  <verb>war</verb>
  <adverbs></adverbs>
  <extra></extra>
  <questionword></questionword>
  <truth>1.000000</truth>
  <flags>00000</flags>
</fact>
<fact>
  <subject>neptun</subject>
  <object>der roemische meeresgott</object>
  <verb>war</verb>
  <adverbs></adverbs>
  <extra></extra>
  <questionword></questionword>
  <truth>1.000000</truth>
  <flags>00000</flags>
</fact>
<fact>
  <subject>nike</subject>
  <object>die griechische siegesgoettin</object>
  <verb>war</verb>
  <adverbs></adverbs>
  <extra></extra>
  <questionword></questionword>
  <truth>1.000000</truth>
  <flags>00000</flags>
</fact>
<fact>
  <subject>nofrete</subject>
  <object>die frau</object>
  <verb>war</verb>
  <adverbs>von echnaton</adverbs>
  <extra></extra>
  <questionword></questionword>
  <truth>1.000000</truth>
  <flags>00000</flags>
</fact>
<fact>
  <subject>nut</subject>
  <object>eine himmelsgoettin</object>
  <verb>war</verb>
  <adverbs></adverbs>
  <extra></extra>
  <questionword></questionword>
  <truth>1.000000</truth>
  <flags>00000</flags>
</fact>
<fact>
  <subject>osiris</subject>
  <object>der gott des jenseits</object>
  <verb>war</verb>
  <adverbs></adverbs>
  <extra></extra>
  <questionword></questionword>
  <truth>1.000000</truth>
  <flags>00000</flags>
</fact>
<fact>
  <subject>pax</subject>
  <object>die roemische goettin des friedens</object>
  <verb>war</verb>
  <adverbs></adverbs>
  <extra></extra>
  <questionword></questionword>
  <truth>1.000000</truth>
  <flags>00000</flags>
</fact>
<fact>
  <subject>poseidon</subject>
  <object>der griechische meeresgott</object>
  <verb>war</verb>
  <adverbs></adverbs>
  <extra></extra>
  <questionword></questionword>
  <truth>1.000000</truth>
  <flags>00000</flags>
</fact>
<fact>
  <subject>ra</subject>
  <object>der aegyptische sonnengott</object>
  <verb>war</verb>
  <adverbs></adverbs>
  <extra></extra>
  <questionword></questionword>
  <truth>1.000000</truth>
  <flags>00000</flags>
</fact>
<fact>
  <subject>re</subject>
  <object>der vater aller goetter</object>
  <verb>war</verb>
  <adverbs></adverbs>
  <extra></extra>
  <questionword></questionword>
  <truth>1.000000</truth>
  <flags>00000</flags>
</fact>
<fact>
  <subject>schai</subject>
  <object>die goettin des schicksals</object>
  <verb>war</verb>
  <adverbs></adverbs>
  <extra></extra>
  <questionword></questionword>
  <truth>1.000000</truth>
  <flags>00000</flags>
</fact>
<fact>
  <subject>seth</subject>
  <object>gott der wueste</object>
  <verb>war</verb>
  <adverbs></adverbs>
  <extra></extra>
  <questionword></questionword>
  <truth>1.000000</truth>
  <flags>00000</flags>
</fact>
<fact>
  <subject>seth</subject>
  <object></object>
  <verb>war</verb>
  <adverbs></adverbs>
  <extra></extra>
  <questionword></questionword>
  <truth>1.000000</truth>
  <flags>00000</flags>
</fact>
<fact>
  <subject>sokar</subject>
  <object>eine der totengoetter</object>
  <verb>war</verb>
  <adverbs></adverbs>
  <extra></extra>
  <questionword></questionword>
  <truth>1.000000</truth>
  <flags>00000</flags>
</fact>
<fact>
  <subject>taweret</subject>
  <object>schutzgoettin der schwangeren frauen</object>
  <verb>war</verb>
  <adverbs></adverbs>
  <extra></extra>
  <questionword></questionword>
  <truth>1.000000</truth>
  <flags>00000</flags>
</fact>
<fact>
  <subject>thor</subject>
  <object>der nordische gott des donners</object>
  <verb>war</verb>
  <adverbs></adverbs>
  <extra></extra>
  <questionword></questionword>
  <truth>1.000000</truth>
  <flags>00000</flags>
</fact>
<fact>
  <subject>vesta</subject>
  <object>die roemische goettin des herdfeuers</object>
  <verb>war</verb>
  <adverbs></adverbs>
  <extra></extra>
  <questionword></questionword>
  <truth>1.000000</truth>
  <flags>00000</flags>
</fact>
<fact>
  <subject>viracocha</subject>
  <object>ein schoepfergott</object>
  <verb>war</verb>
  <adverbs>bei den inkas</adverbs>
  <extra></extra>
  <questionword></questionword>
  <truth>1.000000</truth>
  <flags>00000</flags>
</fact>
<fact>
  <subject>vulcanus</subject>
  <object>der roemische gott</object>
  <verb>war</verb>
  <adverbs>der vulkane</adverbs>
  <extra></extra>
  <questionword></questionword>
  <truth>1.000000</truth>
  <flags>00000</flags>
</fact>
<fact>
  <subject>zaramama</subject>
  <object>goettin des getreides</object>
  <verb>war</verb>
  <adverbs>bei den inkas</adverbs>
  <extra></extra>
  <questionword></questionword>
  <truth>1.000000</truth>
  <flags>00000</flags>
</fact>
<fact>
  <subject>zeus</subject>
  <object>der oberste griechische gott</object>
  <verb>war</verb>
  <adverbs></adverbs>
  <extra></extra>
  <questionword></questionword>
  <truth>1.000000</truth>
  <flags>00000</flags>
</fact>
