<fact>
  <subject>$$date$$</subject>
  <object>ein datum</object>
  <verb>=</verb>
  <adverbs></adverbs>
  <extra></extra>
  <questionword></questionword>
  <truth>0.500000</truth>
  <flags>00000</flags>
</fact>
<fact>
  <subject>$$month$$</subject>
  <object>ein monat</object>
  <verb>=</verb>
  <adverbs></adverbs>
  <extra></extra>
  <questionword></questionword>
  <truth>0.500000</truth>
  <flags>00000</flags>
</fact>
<fact>
  <subject>$$year$$</subject>
  <object>ein jahr</object>
  <verb>=</verb>
  <adverbs></adverbs>
  <extra></extra>
  <questionword></questionword>
  <truth>0.500000</truth>
  <flags>00000</flags>
</fact>
<fact>
  <subject>$$time$$</subject>
  <object>uhr</object>
  <verb>=</verb>
  <adverbs></adverbs>
  <extra></extra>
  <questionword></questionword>
  <truth>0.500000</truth>
  <flags>00000</flags>
</fact>
<fact>
  <subject>$$wday$$</subject>
  <object>ein tag</object>
  <verb>=</verb>
  <adverbs></adverbs>
  <extra></extra>
  <questionword></questionword>
  <truth>0.500000</truth>
  <flags>00000</flags>
</fact>
<fact>
  <subject>$$wday$$</subject>
  <object>ein wochentag</object>
  <verb>=</verb>
  <adverbs></adverbs>
  <extra></extra>
  <questionword></questionword>
  <truth>0.500000</truth>
  <flags>00000</flags>
</fact>
<fact>
  <subject>wir</subject>
  <object>$$date$$</object>
  <verb>haben</verb>
  <adverbs></adverbs>
  <extra></extra>
  <questionword></questionword>
  <truth>1.000000</truth>
  <flags>00000</flags>
</fact>
<fact>
  <subject>wir</subject>
  <object>das datum $$date$$</object>
  <verb>haben</verb>
  <adverbs></adverbs>
  <extra></extra>
  <questionword></questionword>
  <truth>1.000000</truth>
  <flags>00000</flags>
</fact>
<fact>
  <subject>wir</subject>
  <object>$$month$$</object>
  <verb>haben</verb>
  <adverbs></adverbs>
  <extra></extra>
  <questionword></questionword>
  <truth>1.000000</truth>
  <flags>00000</flags>
</fact>
<fact>
  <subject>wir</subject>
  <object>$$year$$</object>
  <verb>haben</verb>
  <adverbs></adverbs>
  <extra></extra>
  <questionword></questionword>
  <truth>1.000000</truth>
  <flags>00000</flags>
</fact>
<fact>
  <subject>wir</subject>
  <object>$$time$$ uhr</object>
  <verb>haben</verb>
  <adverbs></adverbs>
  <extra></extra>
  <questionword></questionword>
  <truth>1.000000</truth>
  <flags>00000</flags>
</fact>
<fact>
  <subject>wir</subject>
  <object>$$wday$$</object>
  <verb>haben</verb>
  <adverbs></adverbs>
  <extra></extra>
  <questionword></questionword>
  <truth>1.000000</truth>
  <flags>00000</flags>
</fact>
<fact>
  <subject>(the) $$date$$</subject>
  <object></object>
  <verb>is-a</verb>
  <adverbs>heute</adverbs>
  <extra></extra>
  <questionword></questionword>
  <truth>1.000000</truth>
  <flags>00000</flags>
</fact>
<fact>
  <subject>es</subject>
  <object>$$time$$ uhr</object>
  <verb>ist</verb>
  <adverbs></adverbs>
  <extra></extra>
  <questionword></questionword>
  <truth>1.000000</truth>
  <flags>00000</flags>
</fact>
<fact>
  <subject>es</subject>
  <object>$$month$$</object>
  <verb>ist</verb>
  <adverbs></adverbs>
  <extra></extra>
  <questionword></questionword>
  <truth>1.000000</truth>
  <flags>00000</flags>
</fact>
<fact>
  <subject>es</subject>
  <object>$$year$$</object>
  <verb>ist</verb>
  <adverbs></adverbs>
  <extra></extra>
  <questionword></questionword>
  <truth>1.000000</truth>
  <flags>00000</flags>
</fact>
<fact>
  <subject>$$wday$$</subject>
  <object></object>
  <verb>ist</verb>
  <adverbs>heute</adverbs>
  <extra></extra>
  <questionword></questionword>
  <truth>1.000000</truth>
  <flags>00000</flags>
</fact>
<fact>
  <subject>wir</subject>
  <object>das jahr $$year$$</object>
  <verb>schreiben</verb>
  <adverbs></adverbs>
  <extra></extra>
  <questionword></questionword>
  <truth>1.000000</truth>
  <flags>00000</flags>
</fact>
